timestamp,water_level,rainfall,flow_rate,temperature,risk
2025-01-01 00:00:00,13.285761458997769,18.332636939871033,2032.4993258908942,26.557723739608523,0
2025-01-01 01:00:00,14.511331789241298,31.329952856694646,2229.0067480706084,26.986668451850036,0
2025-01-01 02:00:00,15.292859337004316,25.723233385220507,2556.473198047093,27.999511437415116,1
2025-01-01 03:00:00,16.319261368902737,27.9254948973989,2524.0614802491064,27.618574456883472,1
2025-01-01 04:00:00,16.993753508169878,46.09200575369932,2933.9087869670047,29.040052101948145,1
2025-01-01 05:00:00,16.797283767453255,34.191930858653166,2733.7159625393633,29.618047482893108,1
2025-01-01 06:00:00,17.34760679073544,40.97591864202915,3130.849143085068,30.87678792697454,1
2025-01-01 07:00:00,17.124751488429343,38.66261359350959,3064.2655960158127,29.432071476745982,1
2025-01-01 08:00:00,17.118971795870493,46.0721553297265,3279.7555647567506,28.0771251211471,1
2025-01-01 09:00:00,15.254052631358467,25.880142412869862,2537.111159496175,27.1967937572516,1
2025-01-01 10:00:00,16.074252079887096,46.5762322498956,2914.6305050237365,28.75148369702774,1
2025-01-01 11:00:00,13.927976647816942,14.326141690573932,2032.559849293357,27.863608159470633,0
2025-01-01 12:00:00,14.111484622164383,22.094991339833957,2157.5051613887726,26.3348247465442,0
2025-01-01 13:00:00,12.453737270383218,20.059949035652153,1969.4081224967374,25.662595112101954,0
2025-01-01 14:00:00,11.778329629162673,8.354839946502768,1756.1211139365003,25.966184319359005,0
2025-01-01 15:00:00,11.896965173816783,23.59789910562132,1993.2514100780932,26.547335160867576,0
2025-01-01 16:00:00,11.244612868542447,12.574399463137699,1712.2544913440395,23.4657502876739,0
2025-01-01 17:00:00,10.709615950704825,5.801964781326422,1320.334980253228,24.208905924591313,0
2025-01-01 18:00:00,11.548300733602298,26.012331370241363,1888.0381132191046,25.149924484806387,0
2025-01-01 19:00:00,10.404255457874635,3.645321754828303,1377.3626619894394,23.170885372896095,0
2025-01-01 20:00:00,11.235041766977961,7.024335941770172,1454.4737175520017,24.383165251170716,0
2025-01-01 21:00:00,11.716227842790257,15.56753698636515,1641.6408967430286,24.833084932735158,0
2025-01-01 22:00:00,12.58363648240757,28.60485542572483,1997.6951023396605,23.92644571794778,0
2025-01-01 23:00:00,13.689455975563645,24.772181971327548,2325.5674144761833,26.425741418411185,0
2025-01-02 00:00:00,13.44783868235952,18.091720150217007,2162.540254683189,27.037853614325318,0
2025-01-02 01:00:00,13.908062318856896,7.509596489893266,2085.535681069484,28.442558234822833,0
2025-01-02 02:00:00,15.057161167604459,18.745452998447767,2355.948530947626,27.07573623040714,1
2025-01-02 03:00:00,15.826497125195853,24.870126793477855,2894.733106248438,29.13328480587311,1
2025-01-02 04:00:00,16.382952089267107,22.82962685401344,2800.5472439260325,31.256157087740288,1
2025-01-02 05:00:00,16.083451633290913,20.873152583006696,2572.1522058627993,32.39077727716195,1
2025-01-02 06:00:00,17.247449456086795,36.21724897657678,2919.0766750138273,31.53615512276593,1
2025-01-02 07:00:00,17.69879169780491,44.70847583209252,3062.00613291769,28.485291672086916,1
2025-01-02 08:00:00,16.49587068543881,27.26950131654308,2741.368362983907,30.139339429805666,1
2025-01-02 09:00:00,16.494235011355915,42.46714238495766,2833.81483440674,28.54154445360631,1
2025-01-02 10:00:00,15.016251249034777,13.12048593404752,2338.826729616259,28.840680711755905,1
2025-01-02 11:00:00,13.89611929376075,10.320648036063812,2289.431763045127,26.849797088375254,0
2025-01-02 12:00:00,12.895665982332993,15.928377691626764,1929.0754253687821,24.94383186977724,0
2025-01-02 13:00:00,11.354692534378056,9.160259950659505,1700.097548109563,25.81012217825264,0
2025-01-02 14:00:00,12.55327744766437,23.77477448344284,1919.966914066295,26.36712323593202,0
2025-01-02 15:00:00,11.653092780237525,20.794273171743495,1768.3280592851695,25.22427936300893,0
2025-01-02 16:00:00,11.480380382111782,9.801826182408245,1783.2360743606407,24.88546122054391,0
2025-01-02 17:00:00,10.008692637459397,3.516616405906934,1500.541288563571,24.36184290870805,0
2025-01-02 18:00:00,10.581066084547011,8.754646662222575,1570.9023221741982,24.485432969814852,0
2025-01-02 19:00:00,11.432855887386616,21.20137687493861,1666.9379873827527,24.73763663203684,0
2025-01-02 20:00:00,11.406008200541692,24.51654302535254,1773.9274637497083,24.072306073901142,0
2025-01-02 21:00:00,11.23669281336333,9.198943370825841,1437.822940429743,24.978148330143895,0
2025-01-02 22:00:00,11.478754322086134,1.5413049914988277,1671.552317212717,27.59191004984363,0
2025-01-02 23:00:00,12.269451931036052,2.9017915406903563,1781.7492777582202,26.393980099493803,0
2025-01-03 00:00:00,14.142083085347911,19.84723380347623,2311.5698922239662,27.051076195744702,0
2025-01-03 01:00:00,14.37875799771563,14.824609118725336,2170.9529210855762,27.89991854397924,0
2025-01-03 02:00:00,15.010539286189362,19.87138094440865,2390.6713594553084,28.238509778020536,1
2025-01-03 03:00:00,15.287552195929175,19.192784562042007,2519.428976137306,28.598893187094678,1
2025-01-03 04:00:00,16.08923147460326,22.2641690399146,2740.7954536715333,29.84849044059183,1
2025-01-03 05:00:00,17.54805508940665,47.278777604249655,2957.55503536933,29.290919236516224,1
2025-01-03 06:00:00,17.177923082396966,40.41940487247766,3115.876023753203,29.825382084627343,1
2025-01-03 07:00:00,16.507048354292667,26.9432053353599,2765.4811417202727,28.94915983103566,1
2025-01-03 08:00:00,16.280416519974157,32.27637842430668,2686.951041375296,29.727690376794495,1
2025-01-03 09:00:00,15.72862912730995,31.37970011072448,2468.2353022678267,29.822354276570877,1
2025-01-03 10:00:00,16.596842536829083,56.715241610422964,3054.497503562212,28.245702168106906,1
2025-01-03 11:00:00,13.567280171867406,9.659357221736093,2277.0035105353986,25.366403011040383,0
2025-01-03 12:00:00,14.044237855598773,17.049458284565915,2307.8524091311538,27.708445852866568,0
2025-01-03 13:00:00,13.84160431653454,27.853571857283747,2214.5999161602595,26.367763476004153,0
2025-01-03 14:00:00,13.467193939844725,42.82087322312627,2556.216397677343,24.30812225998385,0
2025-01-03 15:00:00,11.376163693081773,7.237260226188849,1571.564363523316,25.806603947228286,0
2025-01-03 16:00:00,11.48379265681956,9.530921590781205,1652.9403129389764,22.72381354778767,0
2025-01-03 17:00:00,11.579923924719298,23.95159668713231,1694.0181205550764,25.356711659522155,0
2025-01-03 18:00:00,10.050933367595174,2.280042543637353,1279.2889050713745,23.931160056423344,0
2025-01-03 19:00:00,10.792299860273646,18.469447486048313,1568.186047578659,21.379584430679998,0
2025-01-03 20:00:00,13.218442296479859,59.10401659245298,2183.596123117017,24.61591929336257,0
2025-01-03 21:00:00,12.247444254918841,20.08758504807754,1962.4742114657506,24.39124881473123,0
2025-01-03 22:00:00,11.367378899899462,0.5602016461064273,1483.0877369333539,24.831780849812237,0
2025-01-03 23:00:00,12.147758395042025,5.885506335474162,1680.3569379166515,25.33827195094498,0
2025-01-04 00:00:00,12.551281045840001,7.470605110906004,1792.8742902027866,26.84734105096815,0
2025-01-04 01:00:00,15.427920560369465,38.036734741190735,2589.5476155083384,27.194230717906983,1
2025-01-04 02:00:00,15.57991446041761,22.042874926784613,2658.390825949292,26.271971708173933,1
2025-01-04 03:00:00,15.757762758886855,15.721416078357072,2687.7923421024275,30.64780180757229,1
2025-01-04 04:00:00,16.235722300184037,30.634912781859935,2585.137106869448,29.304847024199145,1
2025-01-04 05:00:00,17.42702993317557,35.075862867122055,2871.794685235577,29.01945545981329,1
2025-01-04 06:00:00,16.35716849848986,28.474356393821978,2688.415482677552,28.6458915809456,1
2025-01-04 07:00:00,16.98202611062032,24.165075594771668,2836.534802795807,30.82265595981071,1
2025-01-04 08:00:00,18.951636784728034,80.99793283329538,3725.3667185668073,28.039957848437485,1
2025-01-04 09:00:00,16.908606238019967,42.065024096840546,2834.335505050824,29.282105105789206,1
2025-01-04 10:00:00,16.431757236772352,39.878534946957785,2776.5223987161626,27.7996211977517,1
2025-01-04 11:00:00,14.082757319015254,17.24268205534198,2182.4875649784904,27.14595354263276,0
2025-01-04 12:00:00,13.858700730055773,7.112452247116143,2121.7336717730786,25.675728562828922,0
2025-01-04 13:00:00,12.741560196289562,8.892024664889831,1896.2820632186827,25.479159545666455,0
2025-01-04 14:00:00,11.444094591526586,3.1097713096883552,1686.3546940843635,25.510574869808234,0
2025-01-04 15:00:00,12.699792323754272,46.061668079666426,1955.5265374767741,25.16105432805915,0
2025-01-04 16:00:00,11.4703719520098,12.51788465417901,1584.294580423546,23.459212811107115,0
2025-01-04 17:00:00,12.899463765357018,38.66686998462541,2263.0260616658074,23.9931012382079,0
2025-01-04 18:00:00,10.555965793382663,9.320666945958589,1626.9074934316568,25.066145317164505,0
2025-01-04 19:00:00,10.919539937467444,20.325079108218695,1461.2377604929661,22.10706825279391,0
2025-01-04 20:00:00,11.354890137128711,16.5118206120985,1626.5889692035225,24.394401020336453,0
2025-01-04 21:00:00,10.668737312820559,2.7002785660444095,1350.8692876852786,23.737738921957746,0
2025-01-04 22:00:00,15.057630430542993,50.33254293587042,2661.3179600892117,24.236778993460163,1
2025-01-04 23:00:00,12.653150822819667,9.597503346150566,1872.6589315525594,26.53675668029016,0
2025-01-05 00:00:00,12.75099226592182,3.994983152776843,1779.7742295822104,26.345698237598924,0
2025-01-05 01:00:00,15.245946242798192,29.279883359076813,2460.546376239538,26.316293383825442,1
2025-01-05 02:00:00,14.640663475042066,23.933717898577843,2167.9230586861822,30.08913983048398,0
2025-01-05 03:00:00,16.3254989124364,32.98925715091718,2617.164662894994,30.22542776075784,1
2025-01-05 04:00:00,16.10604798440236,32.52775101496537,2822.885467260753,27.279309063722312,1
2025-01-05 05:00:00,16.21987398667742,20.01226494600716,2744.664726387061,28.12846372526472,1
2025-01-05 06:00:00,16.550016840995195,25.66792802287578,2529.065009940083,30.712148485582418,1
2025-01-05 07:00:00,16.852162894084316,24.74232069724478,2682.5860487706486,29.555928879222243,1
2025-01-05 08:00:00,17.295027778085945,46.863620757769866,3197.7201641543365,31.398765784579272,1
2025-01-05 09:00:00,15.459146569262288,28.542930124795582,2493.151733914802,29.86092402180886,1
2025-01-05 10:00:00,15.815876817226584,31.33442265104415,2641.5215478928953,28.859358628624797,1
2025-01-05 11:00:00,13.982855026378989,15.344254216995946,2213.523038829909,26.550221905117045,0
2025-01-05 12:00:00,14.08226754344747,22.197162713651885,2405.2745672885267,27.58972835383737,0
2025-01-05 13:00:00,12.89025851647884,12.091347862100324,1860.6183957931487,24.69262611899188,0
2025-01-05 14:00:00,11.818184483142915,11.294293179512039,1732.705205426209,27.066293440092085,0
2025-01-05 15:00:00,11.314755507057756,16.415630172586777,1844.5231228930509,25.38524596326225,0
2025-01-05 16:00:00,10.653276015303145,15.205940113155975,1481.5323799786665,23.412127096537574,0
2025-01-05 17:00:00,14.284506808260195,78.5459608992382,2704.358398255651,25.067835434891578,1
2025-01-05 18:00:00,9.799996843450737,5.59719788353642,1346.0625606027943,26.689829866963603,0
2025-01-05 19:00:00,10.242785513095177,2.3086273386232925,1341.9229614260732,23.841082001361453,0
2025-01-05 20:00:00,11.188827052392691,18.502069732748065,1801.8333271727854,25.062419616276227,0
2025-01-05 21:00:00,11.82748089622578,6.516777286096357,1630.2479787663208,24.36048447281115,0
2025-01-05 22:00:00,11.96772501011432,0.537404754226551,1469.8314085526365,25.602422661142015,0
2025-01-05 23:00:00,11.96821028800053,4.251002444532426,1763.5124258495873,24.414861392654693,0
2025-01-06 00:00:00,16.511673940585755,66.66090088531321,3178.7492096276997,26.999364583792957,1
2025-01-06 01:00:00,13.473894125483305,10.609086651047068,2020.6091984144311,27.828749931104298,0
2025-01-06 02:00:00,14.498071220453447,11.34107462689122,2271.5593569316825,30.658797332213695,0
2025-01-06 03:00:00,19.05744986063924,77.84722484761079,3531.6241566176313,26.967316608315617,1
2025-01-06 04:00:00,15.868434623438242,21.373409826086355,2610.1734768613596,29.261016060423977,1
2025-01-06 05:00:00,20.75433424880469,114.81832697006907,4154.013883935849,31.443518140264448,1
2025-01-06 06:00:00,16.768117652850947,29.748829216212616,3004.770468409292,29.709874205041494,1
2025-01-06 07:00:00,18.99740674902338,69.80427732397442,3446.517676869492,29.69216763928521,1
2025-01-06 08:00:00,15.589625402473274,28.375916902933145,2866.9078425634407,28.598165381494713,1
2025-01-06 09:00:00,16.055932269487087,34.56724929556583,2701.198684947758,28.002193887244335,1
2025-01-06 10:00:00,15.010120760309967,22.336104344073803,2376.9893199658377,26.30897548100022,1
2025-01-06 11:00:00,14.228181034332891,16.310643907556468,2368.575902943136,27.021398838134594,0
2025-01-06 12:00:00,14.033924263982634,17.23002659687009,2229.406631161015,25.812773933865465,0
2025-01-06 13:00:00,13.53248691120494,21.04437363868691,2074.42911082078,26.365189465080913,0
2025-01-06 14:00:00,11.976259414805263,16.11277249430718,1931.3679708742886,24.554798157091525,0
2025-01-06 15:00:00,12.237401665892657,14.700335812178096,1676.4263203951643,24.30317047438215,0
2025-01-06 16:00:00,10.405079548866864,6.5755413233199675,1484.342926601273,23.859277316977494,0
2025-01-06 17:00:00,11.168764030254028,12.776501412151612,1467.6191851785372,24.044424302384353,0
2025-01-06 18:00:00,12.744344247136306,45.89738935964523,2234.640802389645,23.36577329231419,0
2025-01-06 19:00:00,10.286268972710257,6.25585689407018,1346.4329112086466,22.828079213208238,0
2025-01-06 20:00:00,11.554740222207352,17.665133435992455,1863.178461348187,24.50484352138409,0
2025-01-06 21:00:00,12.692076303612899,35.80966506027418,2053.120480293283,26.159659515957895,0
2025-01-06 22:00:00,12.593152397056725,21.191067249512344,1933.9002381731834,25.654159434948937,0
2025-01-06 23:00:00,13.449605313542389,29.78979115860576,2297.854080782162,25.491758338806083,0
2025-01-07 00:00:00,12.840865425300779,3.975996476734092,1874.4316671239628,26.852224313887646,0
2025-01-07 01:00:00,14.264937799105173,22.8802803373727,2305.505570909732,25.315697810879715,0
2025-01-07 02:00:00,14.673380467628666,20.544222045314722,2416.193183078646,28.33271670055335,0
2025-01-07 03:00:00,15.725239272924101,25.123522846065715,2713.0350042493656,28.64089510065107,1
2025-01-07 04:00:00,17.583061035813,60.365423960690805,3240.0480665282485,28.4779237817455,1
2025-01-07 05:00:00,16.598652304837707,30.46751121028703,2816.2296740569086,28.995259456068844,1
2025-01-07 06:00:00,17.36787141742389,38.197641055050305,2988.7919462714026,29.507718598152422,1
2025-01-07 07:00:00,16.429390172050663,20.662324491637943,2758.634977457336,31.088727410074995,1
2025-01-07 08:00:00,19.006486981540945,67.76521031133234,3440.80504263163,30.908548711489434,1
2025-01-07 09:00:00,16.380090218040017,42.5886537138735,3137.1450487822444,28.007570149690277,1
2025-01-07 10:00:00,15.2950702047054,23.220093439035722,2449.177052576832,27.878307152107933,1
2025-01-07 11:00:00,14.113347487649602,15.273382807573125,2175.8083764789462,27.185349186561286,0
2025-01-07 12:00:00,14.109468906306198,22.991415105496237,2193.3216173048036,27.971454618660143,0
2025-01-07 13:00:00,13.86280249954378,35.47782616193337,2151.1943769245777,26.398150727850368,0
2025-01-07 14:00:00,13.83837519403282,50.95160675942178,2342.721700058551,25.61134783516926,0
2025-01-07 15:00:00,12.2939576511722,27.707780728728913,1881.5066357551557,25.522194792545786,0
2025-01-07 16:00:00,11.246642912934211,14.880366993597152,1771.133485854545,23.686227698553566,0
2025-01-07 17:00:00,12.034431627211791,31.142330406302676,1873.6239070454733,25.73888641035767,0
2025-01-07 18:00:00,10.891959954727547,26.785744701830474,1723.9861018790639,23.99790641109576,0
2025-01-07 19:00:00,11.46719932269104,14.932422960080444,1733.0048696097049,23.0751275857025,0
2025-01-07 20:00:00,12.124307981758546,26.161786745367152,2024.0407154714608,24.126355496089275,0
2025-01-07 21:00:00,12.316696716111146,25.76863031774561,2060.9278504350787,26.35699364548981,0
2025-01-07 22:00:00,11.885483586234654,13.149995107134544,1684.3291122602038,24.98982943681948,0
2025-01-07 23:00:00,12.3346816546964,8.29949695613859,1760.5515882359941,27.363012223546228,0
2025-01-08 00:00:00,14.663445416890012,23.995803770946477,2449.572796314802,26.24958504867417,0
2025-01-08 01:00:00,14.878827296287408,9.718951687335087,2133.2874159632943,26.857660699174797,0
2025-01-08 02:00:00,14.990148821421574,13.410777804957014,2259.278752701694,29.291516892713137,0
2025-01-08 03:00:00,16.15741038738824,32.588138424806345,2826.341637599487,28.07255327078474,1
2025-01-08 04:00:00,17.39949296412943,40.78615009748211,3088.03929172987,30.585124511547345,1
2025-01-08 05:00:00,17.219826057451026,37.64571871853357,2892.0119015667465,30.319728677695224,1
2025-01-08 06:00:00,17.09606033630636,40.07902616324884,3047.755265972871,28.95168727863889,1
2025-01-08 07:00:00,17.15952598832731,42.45911746148694,3158.414235757346,29.812046186074003,1
2025-01-08 08:00:00,17.825888773405104,60.48769151351138,3182.556691620243,28.93954706268188,1
2025-01-08 09:00:00,16.94369990399384,42.23159901578855,2915.203627768605,29.54009221156252,1
2025-01-08 10:00:00,15.236612000220921,37.418165731739904,2589.8002248052326,30.765357893946508,1
2025-01-08 11:00:00,14.1323561381519,22.416950440069286,2214.8849708412936,27.331611611842675,0
2025-01-08 12:00:00,13.696272577039693,17.804520736327166,2052.909363956255,27.640531528630227,0
2025-01-08 13:00:00,12.771434499894006,12.173547386653139,1946.968674954031,26.25287163469345,0
2025-01-08 14:00:00,12.8101042589901,19.58050473010115,1863.8063697052457,25.528869243675825,0
2025-01-08 15:00:00,10.578987336353533,4.273752444162404,1445.563978405441,24.680433511562534,0
2025-01-08 16:00:00,13.459129563694681,43.31855849830135,2152.9078986762,23.373022853024818,0
2025-01-08 17:00:00,9.871576972288134,5.8180548746939715,1284.1265472079863,24.504390460271743,0
2025-01-08 18:00:00,11.076731320653598,28.04415109792258,1856.2511059026756,23.653509900096733,0
2025-01-08 19:00:00,12.464157573768558,39.25562783658424,2159.404799348979,23.016462420646324,0
2025-01-08 20:00:00,11.592591077272662,27.99135120720435,1861.3271349188976,25.618931703344643,0
2025-01-08 21:00:00,14.542380449827283,71.03088961270151,2700.684743239329,24.99749120368317,1
2025-01-08 22:00:00,11.510586418094622,0.778561888504109,1608.8269563789434,25.22628125118812,0
2025-01-08 23:00:00,12.077188701203482,8.86603894686206,1586.7628482324699,27.831610802387985,0
2025-01-09 00:00:00,14.559293412111064,38.757491915047815,2562.0529492626038,24.796702157360397,0
2025-01-09 01:00:00,14.48559135051178,8.412817212545939,2453.066528826467,29.303842099782447,0
2025-01-09 02:00:00,14.690931355399222,16.02335018519267,2323.699156799702,27.443774461036543,0
2025-01-09 03:00:00,16.68970593934082,36.094744079954616,2788.9637799864954,29.375159390858254,1
2025-01-09 04:00:00,16.654020871891465,32.03689438426345,2898.9096408209225,28.892399706408458,1
2025-01-09 05:00:00,17.258033697031998,40.15686897267723,3203.2264748364796,28.790176230324295,1
2025-01-09 06:00:00,16.784386913498164,35.86934359717374,3062.6443260812234,31.576663831162122,1
2025-01-09 07:00:00,16.621704973728388,36.50454200520784,2681.37184380825,32.12523735974155,1
2025-01-09 08:00:00,15.878532276202174,24.029174561179815,2733.145704512985,29.33260543057202,1
2025-01-09 09:00:00,16.165315681589032,30.850663838870453,3017.496957121944,29.523889986192803,1
2025-01-09 10:00:00,15.258836767983158,19.49154205427579,2475.5406825881037,28.56838950199502,1
2025-01-09 11:00:00,13.45115388883973,16.00566704935066,2078.9592998469625,29.85306534013099,0
2025-01-09 12:00:00,14.61681901847749,27.73907062658209,2333.1228262087106,24.464219463055755,0
2025-01-09 13:00:00,12.014571997455961,3.022487545963596,1571.3127831151585,26.676090994216715,0
2025-01-09 14:00:00,11.649703913678197,0.30676997917886073,1703.458302337481,24.627448423027268,0
2025-01-09 15:00:00,11.773335049132694,26.1335767147806,1802.1450797094262,22.051522830674948,0
2025-01-09 16:00:00,11.60392340455902,16.72332002042083,1676.9162946384001,23.969287671731607,0
2025-01-09 17:00:00,12.121202340638417,39.22278996371719,1920.1137059633534,26.31988107022546,0
2025-01-09 18:00:00,10.16860100533091,6.2075124713805625,1346.1614575790911,23.21274097151952,0
2025-01-09 19:00:00,11.228215912539891,12.766773929358674,1725.1770950871812,25.05114112901033,0
2025-01-09 20:00:00,10.797297060905112,15.228368990507287,1653.5127997241552,25.840330425122723,0
2025-01-09 21:00:00,10.701994401088044,7.62252457402137,1516.5477548920248,24.86344349329693,0
2025-01-09 22:00:00,11.161280813315356,5.355339878178848,1508.9687613008102,25.644546742093535,0
2025-01-09 23:00:00,13.222996100121577,27.212168315422712,1935.8053287584178,24.163985376843115,0
2025-01-10 00:00:00,12.611075055048422,2.6400589543144415,1697.3673851549363,26.140603364192817,0
2025-01-10 01:00:00,14.19178528204166,9.556736036606473,2114.8658801834986,28.864866284503535,0
2025-01-10 02:00:00,15.038619123502016,22.368730784278952,2570.265206363741,28.572814916444486,1
2025-01-10 03:00:00,16.86007702478952,43.95033940875815,2877.4173208602547,29.56213007329205,1
2025-01-10 04:00:00,16.481754668997432,25.477946287236115,2880.0809671487505,29.75786530697297,1
2025-01-10 05:00:00,16.125674100585915,26.435132268695238,2672.695243313661,32.52818221202292,1
2025-01-10 06:00:00,16.970504242270177,31.68757790720536,2841.814995584111,29.48337620257368,1
2025-01-10 07:00:00,16.953740349325475,38.55301652735812,2847.368004196511,31.82426953045078,1
2025-01-10 08:00:00,16.319174371542122,27.330927652177145,2843.8608077795498,29.75828007800139,1
2025-01-10 09:00:00,17.338882486682124,47.030933807407074,3251.8114728119504,31.154359113056607,1
2025-01-10 10:00:00,15.906275173855814,43.98579505010629,2630.326275589573,27.03002629289024,1
2025-01-10 11:00:00,14.163887206107889,17.54450450011455,2203.6711553171585,27.998039784464595,0
2025-01-10 12:00:00,15.797502070187518,57.56960851330265,2988.0265348854546,26.527575859291854,1
2025-01-10 13:00:00,12.163847763123812,14.91867468576785,1765.493159221491,26.3909096677125,0
2025-01-10 14:00:00,13.270413511969526,33.095784306659176,2213.7261863563936,26.966851515199345,0
2025-01-10 15:00:00,11.85228209381151,18.776032729158924,1930.991862556496,25.333251182869898,0
2025-01-10 16:00:00,11.160348773380345,18.475596668070093,1708.9354958558645,25.86638301667902,0
2025-01-10 17:00:00,10.359983707231805,1.851099321740127,1416.388443159604,23.29795720920406,0
2025-01-10 18:00:00,10.891903918881514,3.9371831947478997,1582.177583840775,23.01259865097154,0
2025-01-10 19:00:00,11.19102040272471,10.533277456083395,1740.4472675571042,24.121548608897513,0
2025-01-10 20:00:00,12.077951842445914,33.78487274903302,1967.6789420262367,24.355541174577382,0
2025-01-10 21:00:00,11.618047269284176,19.007719068155566,1724.7002107176186,24.655648413851328,0
2025-01-10 22:00:00,12.002814630300705,10.628212916102914,1630.9102191610066,24.349641929195162,0
2025-01-10 23:00:00,12.726984319196454,23.656539768555334,2213.6438913341826,27.661924772514713,0
2025-01-11 00:00:00,14.398495578104786,32.811647725910014,2225.996592131463,26.564595359239807,0
2025-01-11 01:00:00,13.753773185484706,19.25870538059256,2245.7573348429783,29.487750881962757,0
2025-01-11 02:00:00,14.977805436854466,27.095070203453005,2550.03403617669,28.51529203824487,0
2025-01-11 03:00:00,15.78513606949803,29.362191906551693,2621.712543384952,29.899435060536486,1
2025-01-11 04:00:00,17.20083112904612,30.5973357464059,2817.3431771298197,30.267327782909728,1
2025-01-11 05:00:00,17.451388742236595,25.450763075048016,3048.818246690529,28.90864779044618,1
2025-01-11 06:00:00,16.771737395967712,25.609207990210543,2746.3739129822043,30.440643505862987,1
2025-01-11 07:00:00,17.42002228336517,42.852340880314244,3002.056373698904,32.211777012227735,1
2025-01-11 08:00:00,17.164931923251583,50.624817415697514,3266.099234300598,29.90001091507375,1
2025-01-11 09:00:00,15.880276371569321,24.750030283331284,2627.8039729906986,30.202852431031246,1
2025-01-11 10:00:00,15.128458023729197,20.368154624598752,2589.3470757881437,29.331926213510627,1
2025-01-11 11:00:00,13.473651029782044,6.327297947882689,2063.0633999915117,28.144916725345528,0
2025-01-11 12:00:00,14.790151230327547,40.1620477071142,2493.106073771531,27.22377446126969,0
2025-01-11 13:00:00,11.920382981942147,6.591827493165251,1575.1963857543697,26.88032153563801,0
2025-01-11 14:00:00,15.27554014754673,74.64043324311912,2699.1596351187336,26.415939055770725,1
2025-01-11 15:00:00,10.397895645862361,7.927502547091,1368.8578124031126,23.256082787979075,0
2025-01-11 16:00:00,10.683768630710718,1.9490179562705694,1447.5903212747614,24.69868725556244,0
2025-01-11 17:00:00,10.525081973897391,15.32936354547829,1429.4956930899798,23.881329064236013,0
2025-01-11 18:00:00,11.654773765633726,26.955011316210502,1935.859487602115,23.53016778761795,0
2025-01-11 19:00:00,11.61146364387455,24.57196525757381,1762.9620492745078,25.657379775967076,0
2025-01-11 20:00:00,11.628762125575221,29.1590944124397,1862.5485672394946,23.522148290970055,0
2025-01-11 21:00:00,11.044605826880968,4.814469050956114,1431.8444432994133,23.204956784068337,0
2025-01-11 22:00:00,13.523756699551278,39.431761277412434,2334.442752785843,26.454859470462992,0
2025-01-11 23:00:00,13.840300560560838,41.216822935441876,2315.9535519416017,24.51907023682776,0
2025-01-12 00:00:00,14.596439333329078,42.59575230509534,2448.4781810033255,24.686468306449697,0
2025-01-12 01:00:00,14.71298156856515,22.797222792323865,2482.361523285731,28.866378363295517,0
2025-01-12 02:00:00,14.83885813844157,19.81494775521181,2449.2235988868183,28.690466700675003,0
2025-01-12 03:00:00,15.663943919898147,23.095780429989478,2541.0859069432922,29.688583896402175,1
2025-01-12 04:00:00,15.94151842668897,19.25285954396945,2656.536131851715,29.067163121617764,1
2025-01-12 05:00:00,16.407797257009012,27.4319889217701,2777.8105385096806,28.236490120936384,1
2025-01-12 06:00:00,16.848855723062336,20.24924395788721,2710.447969296172,28.5770553436588,1
2025-01-12 07:00:00,16.225495124420533,20.86240217389422,2560.4644039895766,29.571150799549667,1
2025-01-12 08:00:00,16.97489879567724,34.78222954249807,3107.5406667264588,28.071192781851664,1
2025-01-12 09:00:00,15.748169731702461,25.108094319443566,2535.9446922221123,29.48978383201443,1
2025-01-12 10:00:00,15.340904279703041,26.80514195930916,2719.2145145015666,27.945050474358723,1
2025-01-12 11:00:00,14.7800280687008,30.482064973033662,2455.4224301493296,27.998500392145928,0
2025-01-12 12:00:00,13.768826949744883,19.607167385739377,2249.7806668219077,27.186177753871736,0
2025-01-12 13:00:00,12.744751244305935,18.20418754741525,2086.3726731853562,26.687702330001905,0
2025-01-12 14:00:00,12.418501943944754,12.901200261911804,1919.8438153324196,26.099379032746807,0
2025-01-12 15:00:00,10.922954753840855,6.328329306537102,1459.4816920646997,24.46599894750528,0
2025-01-12 16:00:00,10.748732511517424,3.271594599457049,1554.9522490514712,24.62268690860728,0
2025-01-12 17:00:00,10.83235429857423,8.340806542005723,1688.7443867209424,24.385432275237008,0
2025-01-12 18:00:00,11.672555627263984,13.103715121819025,1504.8237146837196,21.08533162908796,0
2025-01-12 19:00:00,10.807368173896865,14.673393921165651,1585.3229054935018,24.878053416164178,0
2025-01-12 20:00:00,11.295690386605788,29.20920477054372,1829.9393868799505,24.581854424110993,0
2025-01-12 21:00:00,10.980151458539959,12.03099744705048,1621.4322131914228,25.555538294732642,0
2025-01-12 22:00:00,13.124575946635835,22.37940492344938,2158.200024493985,23.95578768546327,0
2025-01-12 23:00:00,12.38336445335414,2.368835107001133,1592.7213662391368,25.844615054497574,0
2025-01-13 00:00:00,13.245157642143377,17.67842668246883,2005.1574216623449,25.690164652121297,0
2025-01-13 01:00:00,15.166404149250024,21.784009899872878,2514.8298131186934,28.66997878676299,1
2025-01-13 02:00:00,16.88088740890223,49.442147928645355,3014.9044738222196,26.813860149517808,1
2025-01-13 03:00:00,16.134058611620127,25.11757142428103,2860.114106115433,28.006934605252845,1
2025-01-13 04:00:00,16.197221386464452,27.84748936065314,2680.214873844871,30.239253165279674,1
2025-01-13 05:00:00,17.568123134777423,44.76962702140085,3103.969935998257,29.142528040134504,1
2025-01-13 06:00:00,16.622386074285803,23.616753413819872,2645.8203281961414,28.88593121185313,1
2025-01-13 07:00:00,17.211157748853125,36.597390611171264,2958.9120843833407,30.985840794315425,1
2025-01-13 08:00:00,15.46248753103562,20.701973989155334,2392.7566300229,30.735330319263564,1
2025-01-13 09:00:00,18.08432402081618,67.50330812885544,3450.8074837112713,29.987805774608834,1
2025-01-13 10:00:00,15.625635985808767,19.19291566083776,2434.289371914161,29.51845160872836,1
2025-01-13 11:00:00,13.855099857680269,8.27128832161275,2071.3861528443767,27.498562000581877,0
2025-01-13 12:00:00,13.321008785393527,8.278398764551609,1902.167458809969,26.754488430436062,0
2025-01-13 13:00:00,12.944248194422812,17.371672711263805,1875.9101077673186,25.445845330452126,0
2025-01-13 14:00:00,12.771565080111158,21.79941216819149,2029.7149684713766,25.701275001259166,0
2025-01-13 15:00:00,12.68779243595221,37.8673318346153,1987.5277841453935,24.245201663649343,0
2025-01-13 16:00:00,11.23069439374643,7.263475415968865,1559.1573650411315,23.88224434153432,0
2025-01-13 17:00:00,12.198662640687322,26.399607232029577,2041.164184409133,24.822103041912275,0
2025-01-13 18:00:00,10.576979015099882,1.5464827642393149,1506.0992683936233,25.421447094617257,0
2025-01-13 19:00:00,9.987558381980284,4.4177120454326895,1215.9405505527745,24.580134826256902,0
2025-01-13 20:00:00,10.638967697345292,2.4668785806320197,1346.98254531796,26.555102826937762,0
2025-01-13 21:00:00,11.261087902087802,5.9317584952687685,1603.792351188202,24.03206097000104,0
2025-01-13 22:00:00,12.64275169018631,25.43998479908547,1999.4858957418105,23.294430432948854,0
2025-01-13 23:00:00,12.97938963995239,7.454585418554718,1636.8443287888317,27.081096332199888,0
2025-01-14 00:00:00,12.777200583206442,9.02998277410675,2008.7776041107425,26.073799736823933,0
2025-01-14 01:00:00,14.839615546102744,22.959157009519373,2341.4723213086527,27.44802644517712,0
2025-01-14 02:00:00,15.674729014647227,31.037533161051513,2838.3946459313843,26.37624418785467,1
2025-01-14 03:00:00,15.716600174678922,23.455776967718172,2545.369931698108,28.042268046744653,1
2025-01-14 04:00:00,17.017613450184275,21.70061164323306,2763.784117709604,27.795403311458227,1
2025-01-14 05:00:00,18.09388897083406,66.29932163091436,3324.300094125396,29.376613562762845,1
2025-01-14 06:00:00,16.3753846040691,29.376693733435552,2705.419371454259,29.52653820734046,1
2025-01-14 07:00:00,16.830464311476515,29.667469669599132,2903.576802374458,30.005729972725064,1
2025-01-14 08:00:00,16.35728574536197,29.00027908637953,2885.0654191199355,31.085743768579523,1
2025-01-14 09:00:00,16.524052691504384,37.07777278634577,2706.066173618572,29.933607861437036,1
2025-01-14 10:00:00,14.452856772894567,12.190032125892923,2272.309867044146,26.553396436547448,0
2025-01-14 11:00:00,16.749654613310632,66.19514245172365,2955.132585858798,28.506075658042995,1
2025-01-14 12:00:00,12.792114208037905,10.06712531370949,1959.4618764901168,27.134105636929775,0
2025-01-14 13:00:00,12.87500912132556,23.58463529944002,2195.544647113561,26.106151146249154,0
2025-01-14 14:00:00,11.441495418308955,3.1439123430647484,1554.39540227883,25.47276056407534,0
2025-01-14 15:00:00,11.226014066487592,16.24067224989295,1708.8945451915463,25.12414257014388,0
2025-01-14 16:00:00,13.562387226727065,54.20450969694298,2207.0930248572286,23.571659639430404,0
2025-01-14 17:00:00,12.19129629342793,48.654859847423765,2115.021554474103,23.883401492103232,0
2025-01-14 18:00:00,11.355032027339462,23.074578244655594,1926.3157183495211,25.4207269486702,0
2025-01-14 19:00:00,10.659413319228078,5.486764040648808,1424.5498265932001,23.25753557982215,0
2025-01-14 20:00:00,12.024489566836445,36.33036402889359,1900.6569186297947,23.166058217236575,0
2025-01-14 21:00:00,10.464135810952822,1.5275662485391888,1436.1701678902725,24.804630838991734,0
2025-01-14 22:00:00,12.022885673009112,5.25833455379841,1452.9587074283813,24.143320251892366,0
2025-01-14 23:00:00,12.231355579693053,12.968904427645867,1782.3315940895409,24.15620311894724,0
2025-01-15 00:00:00,12.977748712343677,1.764709645467068,1995.0055423039798,26.58663938751021,0
2025-01-15 01:00:00,13.970221787913358,13.435342602372112,2154.147798467561,29.51480339678424,0
2025-01-15 02:00:00,16.443874817231087,36.835589229671136,2939.9282272662253,28.45367508494773,1
2025-01-15 03:00:00,15.705123156045612,20.778033398998055,2516.11625115571,29.335612856897487,1
2025-01-15 04:00:00,17.003643334428613,45.18836598869386,3042.085846145726,27.04189818157195,1
2025-01-15 05:00:00,19.989328820037038,92.4731765326025,4024.387389756433,30.423528069796337,1
2025-01-15 06:00:00,16.762680466367968,39.65044156211543,2692.9974382517494,30.11203903357175,1
2025-01-15 07:00:00,17.858175561859507,46.7978418674072,3149.916785596293,29.099879685219978,1
2025-01-15 08:00:00,17.38923736508945,54.61897553360912,3210.275882929871,29.814136777036172,1
2025-01-15 09:00:00,16.583636557984278,23.222963424983114,2749.891399464787,29.32546628414919,1
2025-01-15 10:00:00,15.842543272919233,36.954923042454006,2830.9501420638076,27.228614485970486,1
2025-01-15 11:00:00,13.882938152350667,14.031517495474153,2045.9338352041764,28.174681607443436,0
2025-01-15 12:00:00,13.536456206226738,18.478232438110474,2281.664818121298,28.436562507032587,0
2025-01-15 13:00:00,13.180025186269162,30.320732103410407,2184.88591224041,25.950013094124234,0
2025-01-15 14:00:00,11.300739679339634,5.785957361465666,1545.6128453508552,24.458886957075464,0
2025-01-15 15:00:00,10.657861484592182,0.32042609154489055,1475.8666691590795,24.665583572678287,0
2025-01-15 16:00:00,10.599849761637842,5.172887164501642,1435.7669443891543,25.42745962272401,0
2025-01-15 17:00:00,11.98540528789627,33.94772878918043,2112.7120427441364,22.63063991397607,0
2025-01-15 18:00:00,10.650792059921322,4.438737853935418,1420.7719247897828,24.694269910541017,0
2025-01-15 19:00:00,11.72782262199719,32.47711618981451,1926.3042487784462,23.288605170908212,0
2025-01-15 20:00:00,10.656190240369051,5.203522945018604,1568.7283610607678,24.692399486302364,0
2025-01-15 21:00:00,11.564364893284539,11.320402947860423,1781.3584566393365,24.201482126385663,0
2025-01-15 22:00:00,12.582741365892044,13.823861255955212,1892.8621139228637,24.819579653902093,0
2025-01-15 23:00:00,12.589458258784477,4.413087434732834,1920.3616680117227,28.05125676417448,0
2025-01-16 00:00:00,13.37468459472268,11.442858064701293,2079.0133347142723,25.309096091359777,0
2025-01-16 01:00:00,13.330317665788572,7.116639771479777,2077.6272142050993,28.35889654836221,0
2025-01-16 02:00:00,14.891391530407203,19.926021099816495,2557.369027247263,30.57758929310556,0
2025-01-16 03:00:00,15.503709783318843,26.93214958691957,2627.4245463479697,29.943946655327032,1
2025-01-16 04:00:00,16.225979666099867,17.684137430881037,2555.316757609436,28.00075978850629,1
2025-01-16 05:00:00,16.903042714722325,24.439982223697324,2929.4718232467158,28.359880868168723,1
2025-01-16 06:00:00,17.25901574282956,37.99145293220914,3178.477048134392,29.098049548024317,1
2025-01-16 07:00:00,16.1951049966964,23.130332270253138,2698.3277971782927,30.08726697269106,1
2025-01-16 08:00:00,16.553263197560725,37.96393759031959,2861.9373892412973,29.86920744426018,1
2025-01-16 09:00:00,16.400141766022376,36.52705017064143,2986.621113689841,27.59528447840002,1
2025-01-16 10:00:00,15.709185779159995,27.923464718661144,2648.672567885731,27.452691049863667,1
2025-01-16 11:00:00,14.98780776301581,31.870681509310558,2540.9515402225347,26.80267815093154,0
2025-01-16 12:00:00,13.35746601628933,1.7510150160435476,1792.8935450659942,26.78310383026215,0
2025-01-16 13:00:00,14.108233875333037,31.411713631167444,2275.8049122555108,28.605177413441766,0
2025-01-16 14:00:00,12.047959317999235,4.500437281519106,1628.4028558808213,24.380175521251875,0
2025-01-16 15:00:00,11.775513929083978,15.32326924900686,1642.5448743400937,23.706330256677433,0
2025-01-16 16:00:00,13.124044596744136,52.614989969248214,2329.5421969847175,23.042155434474076,0
2025-01-16 17:00:00,10.969107868547521,9.713560230973775,1523.7320564897477,24.86487600662348,0
2025-01-16 18:00:00,10.713524523804455,14.14895085016721,1509.6337072725821,23.95039008437388,0
2025-01-16 19:00:00,11.12444470918595,4.534310135670271,1507.1137519306724,23.02675066332884,0
2025-01-16 20:00:00,13.56069338948755,52.22662545397904,2461.7264433567234,23.966569088112692,0
2025-01-16 21:00:00,11.417186156312841,5.1349760749934665,1655.2639019952576,23.928867295291113,0
2025-01-16 22:00:00,12.663199963561945,24.03467065714668,1949.4742656029578,25.855069537427077,0
2025-01-16 23:00:00,14.63499280472645,37.247184053379044,2431.7383709121677,29.444794792848047,0
2025-01-17 00:00:00,13.633251502739403,25.94891444899313,2276.435827777079,27.661037286830673,0
2025-01-17 01:00:00,14.940908572197305,24.074383365906126,2214.4589057096587,27.664870917178742,0
2025-01-17 02:00:00,15.346072451805174,25.112063575227946,2582.744669773826,27.70202941501442,1
2025-01-17 03:00:00,15.004210384442436,17.24286711133065,2481.4607955120573,27.509240245297807,1
2025-01-17 04:00:00,18.675938347533375,67.81534321160566,3764.9146399494384,30.47850388903696,1
2025-01-17 05:00:00,16.848656906098388,36.89383600938869,3121.9244649069556,30.713002492906774,1
2025-01-17 06:00:00,17.35025811541647,34.15680891331855,3000.160579271877,29.440678803971032,1
2025-01-17 07:00:00,16.11276645394149,23.390245995700912,2733.887801221732,31.353778258398346,1
2025-01-17 08:00:00,16.658564617133035,32.117875609824104,2830.781133476017,29.62340453801543,1
2025-01-17 09:00:00,16.092149986082717,27.488974570408267,2527.9122044246487,30.051033226033802,1
2025-01-17 10:00:00,16.71630235547252,62.61394490266038,2968.372540983899,28.855436402439622,1
2025-01-17 11:00:00,14.127410096041507,19.325255357154916,2172.5570258902653,27.56389407945442,0
2025-01-17 12:00:00,13.05860839933245,14.580912414960228,2056.7303812888326,25.854138466431017,0
2025-01-17 13:00:00,11.759521574236793,4.134891192523369,1492.3538055290783,26.04889895385721,0
2025-01-17 14:00:00,12.43126037909798,6.385215656250709,1599.6152667397878,26.510460802673848,0
2025-01-17 15:00:00,12.215468373906873,21.726558897342834,1807.8111055839674,24.268917522161054,0
2025-01-17 16:00:00,10.43916551064655,1.263965299852724,1363.8874870868733,24.92961346337049,0
2025-01-17 17:00:00,11.560709870632408,31.277642042267345,1800.6278118337025,22.802939462704003,0
2025-01-17 18:00:00,11.737133880109782,31.949930488372384,1834.1170910649348,24.93607000335643,0
2025-01-17 19:00:00,10.880268528821365,5.655062906501897,1625.6954785473638,24.47775212492075,0
2025-01-17 20:00:00,11.470939282685839,18.9584389194538,1787.6966324368175,22.959390878042857,0
2025-01-17 21:00:00,12.941048354591217,38.19244284090881,2066.674487315304,24.609862228214407,0
2025-01-17 22:00:00,11.769128719826753,12.355107091346728,1764.1901930408055,26.617729091182042,0
2025-01-17 23:00:00,12.280806996747659,10.257851243688252,1851.8341995568535,24.712703815908554,0
2025-01-18 00:00:00,13.272940801306262,11.54065658200809,1915.5771664273288,25.714859713650085,0
2025-01-18 01:00:00,14.052215804849247,22.71660009809689,2246.0126981877406,27.693060789563763,0
2025-01-18 02:00:00,15.277032890956024,17.335257527662904,2483.297517937134,31.05999687651861,1
2025-01-18 03:00:00,15.647948600244996,23.551378459450092,2527.1040775613574,28.314226642712246,1
2025-01-18 04:00:00,15.991713319733465,35.16858952622802,2734.683746920621,30.192405010855925,1
2025-01-18 05:00:00,16.64218974035941,27.961430915125213,2781.0918283284536,30.20993996798882,1
2025-01-18 06:00:00,15.997770803222492,23.69371221222977,2740.6479901956304,29.292576119681346,1
2025-01-18 07:00:00,16.76963316755234,33.72308592256561,2653.2539528474545,30.09113750100905,1
2025-01-18 08:00:00,17.618389085111925,53.691787473920385,3194.5753134847264,29.060674616839393,1
2025-01-18 09:00:00,16.978868142736324,33.92661918415165,2868.390128029797,28.691954595419837,1
2025-01-18 10:00:00,15.09935552221934,13.879622682954537,2353.9807345558,26.506473716672232,1
2025-01-18 11:00:00,14.041641272870065,11.509564211404781,2404.1570921799507,27.747133653468023,0
2025-01-18 12:00:00,12.848475979330235,10.182658301277845,2133.4209873004665,28.078912207947084,0
2025-01-18 13:00:00,14.875612121966926,53.87159499155024,2814.151270266746,26.29245379442806,0
2025-01-18 14:00:00,14.477463629226767,56.05434118483245,2894.9884536367053,26.80860931298693,0
2025-01-18 15:00:00,14.24613993932146,51.25139765701115,2459.9505186458823,25.5750725915744,0
2025-01-18 16:00:00,11.337846851362142,15.768334449396505,1670.3857431488423,24.330474221050423,0
2025-01-18 17:00:00,16.351909113297005,108.8407899281064,3393.020140773142,23.34871185752462,1
2025-01-18 18:00:00,10.311610430784,6.688120433851432,1353.2777958019265,23.416483541566315,0
2025-01-18 19:00:00,10.712716708349134,9.814312968487531,1506.617078627639,22.337609952408258,0
2025-01-18 20:00:00,11.893416220306108,29.38769389352325,1818.2384710217991,24.08142912052868,0
2025-01-18 21:00:00,12.23284037871348,17.930070284617845,1816.9460214373926,25.05387816671734,0
2025-01-18 22:00:00,12.380379641809744,18.831458672133017,1810.737165536019,27.5585053173591,0
2025-01-18 23:00:00,11.845610119666315,4.739345532613125,1673.4672770523634,26.857527252627055,0
2025-01-19 00:00:00,13.95051583462834,13.2564692392968,2088.2332414800007,25.962175223834414,0
2025-01-19 01:00:00,13.870007616413508,11.974072316124335,2128.4174513478324,26.049215204685005,0
2025-01-19 02:00:00,14.15773251067596,12.814276005153893,2049.3544318067534,28.25213749535447,0
2025-01-19 03:00:00,14.528329353301524,21.847286495898615,2372.1377169619955,30.095437679752926,0
2025-01-19 04:00:00,16.72543599769024,35.25498671451115,2729.930483778045,29.333336607320053,1
2025-01-19 05:00:00,17.372450350818937,44.960973941995704,2986.303815366777,30.548158488873906,1
2025-01-19 06:00:00,16.447033734218703,21.008843037153433,2727.8899742061985,29.782649460897375,1
2025-01-19 07:00:00,16.80596366775025,33.1594465302592,2906.105612337796,30.758178000525923,1
2025-01-19 08:00:00,16.488712326476527,30.022357922311162,2901.2486690977257,27.681366584106534,1
2025-01-19 09:00:00,16.153998219163157,31.273956289559152,2806.82082255835,31.046338887734958,1
2025-01-19 10:00:00,15.033446335150531,13.97222195575882,2430.1283499455794,27.165019862131558,1
2025-01-19 11:00:00,14.14218059736359,9.248949730374822,2168.8981606731063,28.728935930983326,0
2025-01-19 12:00:00,14.59918735762442,37.12989535577556,2493.499633494939,26.673379206397257,0
2025-01-19 13:00:00,12.821084204984354,5.740542463249893,1905.8424508617527,26.084549384252135,0
2025-01-19 14:00:00,12.052782464572088,9.345777237770907,1828.5535252886934,25.210677712835853,0
2025-01-19 15:00:00,11.35075722457234,10.33558222837324,1677.6185336239248,25.185405158502157,0
2025-01-19 16:00:00,11.140764750766765,6.938690792116422,1644.412356869092,24.95095324058375,0
2025-01-19 17:00:00,10.507640672348229,21.169410357386784,1416.5918841880223,25.372256335320486,0
2025-01-19 18:00:00,11.191036201541309,19.682770772361835,1619.4342930056591,25.689538659116852,0
2025-01-19 19:00:00,10.352269615838221,12.174565160587838,1499.4844038678393,24.500408377264836,0
2025-01-19 20:00:00,10.774805533941782,7.384720839241719,1638.2342185119157,26.458332875648622,0
2025-01-19 21:00:00,11.16050655305363,11.276637839292173,1837.9934901480742,24.990246707827314,0
2025-01-19 22:00:00,11.88758239103151,14.925956989823192,1644.6457013915858,26.79292843470351,0
2025-01-19 23:00:00,13.106688599237241,6.34186465786707,1954.0841021882572,26.738006472179794,0
2025-01-20 00:00:00,13.624350585778743,22.506417645921754,2064.5420953034336,26.340954442289526,0
2025-01-20 01:00:00,15.233717319555044,36.270613171435286,2445.3347301697954,27.993938120563364,1
2025-01-20 02:00:00,17.34708141997169,52.08766686917156,2959.4637193658004,29.10380625301093,1
2025-01-20 03:00:00,17.390289554388502,54.29283986366627,3092.6397314833557,29.082682585876512,1
2025-01-20 04:00:00,15.833018379253524,27.591006217858464,2542.6407402476484,30.0935040329504,1
2025-01-20 05:00:00,16.90773198963003,34.92141688817314,2989.533773950757,30.93621303005947,1
2025-01-20 06:00:00,17.034144405168185,31.95489435097103,2956.716389284671,29.971952229604927,1
2025-01-20 07:00:00,16.787028968084098,31.23190417914988,2971.6221799088717,26.365112276448222,1
2025-01-20 08:00:00,16.14598758561351,28.520593562831163,2694.3687464498403,31.612000393145383,1
2025-01-20 09:00:00,16.259027387655337,28.220265606669695,2656.7682457166366,28.76421062729526,1
2025-01-20 10:00:00,16.627094286996797,45.187005623992626,2859.7148414435487,27.512063735001234,1
2025-01-20 11:00:00,14.3961897483017,23.585187470009693,2556.502349987659,26.42752478052423,0
2025-01-20 12:00:00,12.139584358000935,3.753832197018481,1527.4596056303506,26.59626491719965,0
2025-01-20 13:00:00,13.292002660661783,30.066202395485938,2096.948798688794,25.548245467112057,0
2025-01-20 14:00:00,12.4858650797255,16.925789311026712,1855.3291087334987,24.615588643338384,0
2025-01-20 15:00:00,12.155799395148119,21.373108709747903,1700.8941379923322,24.060128132626897,0
2025-01-20 16:00:00,12.19668911658673,18.09540731276314,1661.7061868649837,25.037615177518475,0
2025-01-20 17:00:00,11.053120246475332,18.819744018150665,1640.6634148177898,26.538658650336522,0
2025-01-20 18:00:00,10.924655878748197,19.57226908910482,1573.3785105487905,24.98468591761788,0
2025-01-20 19:00:00,10.499747982878969,1.4362197793517613,1350.6253140161193,25.449340342838287,0
2025-01-20 20:00:00,11.49965151408779,21.146431527464827,1823.0009789330825,23.94903175091058,0
2025-01-20 21:00:00,11.157854758929426,6.649876336689627,1537.7924100634186,25.004278095101046,0
2025-01-20 22:00:00,11.66698354542159,8.616731349442558,1650.7177962137207,26.01177888507636,0
2025-01-20 23:00:00,11.950384364578161,13.975130599203336,1902.2510382359285,25.432073392321072,0
2025-01-21 00:00:00,15.187614075923031,47.153512486034366,2647.8708631511454,26.489123915341047,1
2025-01-21 01:00:00,13.501046387751613,9.788916005600154,1896.7716628119342,28.801919485307266,0
2025-01-21 02:00:00,15.663710293438923,23.54348602170881,2529.169218546105,29.808351306120088,1
2025-01-21 03:00:00,15.727805527011606,25.08108334664309,2550.892743299232,29.20221266697794,1
2025-01-21 04:00:00,17.205319866278433,47.044288781853396,3231.1941089429065,28.163887594418846,1
2025-01-21 05:00:00,16.75018074733314,29.96365243411995,2893.235074035788,29.543067099006002,1
2025-01-21 06:00:00,16.76226330283402,37.09569621183597,3108.130500319406,28.270402638592955,1
2025-01-21 07:00:00,15.863116647276552,23.947342762846237,2592.6946276299777,29.988020370668877,1
2025-01-21 08:00:00,17.68805370364604,51.074744787760594,3107.7917111294205,29.90455994487903,1
2025-01-21 09:00:00,15.07041197958948,16.63719898638828,2303.9279538533783,28.79646783831434,1
2025-01-21 10:00:00,15.731916715793684,30.905743491375617,2521.6804377732437,28.790053466859856,1
2025-01-21 11:00:00,14.158353912813448,22.366423974112106,2482.257805026321,28.276738622208242,0
2025-01-21 12:00:00,13.90562242106205,19.434856466020932,2328.3262857390837,27.308234451488595,0
2025-01-21 13:00:00,11.823139223853202,2.547029450879836,1578.661012188045,24.781706513936143,0
2025-01-21 14:00:00,12.171755169153267,10.432511051277272,1682.7918787249162,25.196082809384762,0
2025-01-21 15:00:00,12.571496388841947,28.586635988114107,1951.8625765499125,25.370491230359917,0
2025-01-21 16:00:00,13.520449362831844,52.51402849865194,2382.512488100692,26.2963779142139,0
2025-01-21 17:00:00,11.039062171916527,12.62530509548057,1333.1153469497372,23.775911620846358,0
2025-01-21 18:00:00,11.127825690355769,26.47676611186262,1584.2217802301145,24.661008240537733,0
2025-01-21 19:00:00,11.545285265331234,15.764214728482688,1659.5480892328444,25.1560048154414,0
2025-01-21 20:00:00,10.516316649154824,13.245581086044105,1371.5231293864226,24.165970550599607,0
2025-01-21 21:00:00,10.975045642652006,9.285669090623024,1559.972964301278,26.256768953425176,0
2025-01-21 22:00:00,12.410019830587329,14.03883333840778,1822.1500171184066,26.94260859771711,0
2025-01-21 23:00:00,12.942871425317463,24.605044947376673,2163.3612028934904,27.880004545565846,0
2025-01-22 00:00:00,14.212241229830825,26.267707663519655,2255.812566478095,27.550118602782646,0
2025-01-22 01:00:00,13.766322825598085,8.495702151899808,2038.4413549997582,30.608621834896635,0
2025-01-22 02:00:00,15.408546563492202,18.460922887438336,2483.6451151398633,27.761660264682767,1
2025-01-22 03:00:00,15.498400775436243,18.495665502907293,2520.7000808094954,31.67021344697437,1
2025-01-22 04:00:00,16.473116779693726,32.007698232807726,2731.509275448585,30.520035597743448,1
2025-01-22 05:00:00,16.851000702592074,29.390773582205437,2816.523585226099,31.506242278499258,1
2025-01-22 06:00:00,17.14211777088173,38.88350407349127,3045.883356041586,29.615954694549945,1
2025-01-22 07:00:00,17.30572607339925,39.33066163746051,3197.1032915929886,30.911147122423717,1
2025-01-22 08:00:00,16.118393703171485,17.810804447608394,2647.9660221441636,31.310445207750572,1
2025-01-22 09:00:00,16.173229088734754,28.082171257240923,2804.779295938086,27.81648997109101,1
2025-01-22 10:00:00,16.120579732039566,45.7246776647075,2799.7713104087784,28.30400846182149,1
2025-01-22 11:00:00,13.950125078696777,13.640858975394337,2112.0430353577667,25.206953909430187,0
2025-01-22 12:00:00,13.563005433882438,8.211653466101057,1919.5641632522645,26.786000427781037,0
2025-01-22 13:00:00,13.496707572934383,31.066244930050935,2212.5541685930766,25.244333032540332,0
2025-01-22 14:00:00,12.519181268750833,27.254454714229087,1919.6171899197855,25.238678774439972,0
2025-01-22 15:00:00,10.867980121107996,4.912838995234487,1686.7897465077692,28.387051685565975,0
2025-01-22 16:00:00,11.945561302938406,25.1467051776783,1925.630187837046,26.463287996803327,0
2025-01-22 17:00:00,10.704525879824791,6.261417279308736,1393.0612545268452,22.374885477092054,0
2025-01-22 18:00:00,10.938787575399193,8.123465843700739,1523.2276630682757,24.666885961919284,0
2025-01-22 19:00:00,10.564664562426325,4.90746710833851,1432.119394366019,25.060939825603878,0
2025-01-22 20:00:00,11.078772764863198,3.284969923492997,1512.496114442413,23.99644728460114,0
2025-01-22 21:00:00,11.678702720913817,15.469830280963173,1563.5866996409818,25.092648780230583,0
2025-01-22 22:00:00,11.871030437670795,2.6608531142052856,1580.4160272719994,25.831178648897975,0
2025-01-22 23:00:00,13.15859079740573,16.03337501532558,1952.2266043759048,24.607609217258204,0
2025-01-23 00:00:00,14.09396394214514,15.590671257363786,2155.4691345859364,25.762404775096563,0
2025-01-23 01:00:00,14.094385456472143,17.277377108526913,2164.9897983628834,27.98321319743672,0
2025-01-23 02:00:00,14.108539860819265,18.877784689664516,2089.808437524073,28.619283033578114,0
2025-01-23 03:00:00,15.617260328805392,21.340930054941992,2407.886165460281,28.271045085058933,1
2025-01-23 04:00:00,16.25036610092747,21.515846190543517,2612.9721750366975,28.644824843528724,1
2025-01-23 05:00:00,18.851142038280518,61.64487312766258,3400.23673650286,29.790042379261756,1
2025-01-23 06:00:00,17.580660998312837,31.59998518056588,3070.849507965184,31.063381143579928,1
2025-01-23 07:00:00,17.440344930020004,30.551884171251196,2902.8264011060264,29.80599455373095,1
2025-01-23 08:00:00,16.279444380786547,22.508614553396022,2647.9513973611283,31.545353208116104,1
2025-01-23 09:00:00,17.32931611384294,53.141943731852194,3106.2214245528403,28.28633568636457,1
2025-01-23 10:00:00,14.67815195944285,17.690267058654797,2500.9268129161455,28.731731761745767,0
2025-01-23 11:00:00,14.520326156609917,22.579394473703424,2265.025368819034,27.351302620382786,0
2025-01-23 12:00:00,13.569222152568834,20.388927719683313,2150.166644425429,27.70555313569574,0
2025-01-23 13:00:00,12.71236809736501,15.48019461483861,1818.5230060992353,25.285637406022182,0
2025-01-23 14:00:00,11.830539969361336,2.57274855198568,1766.5781997791844,27.812877304792543,0
2025-01-23 15:00:00,12.37205683247864,24.288639215172992,1930.7419877200355,22.84994477274916,0
2025-01-23 16:00:00,10.730694733468528,7.6079407550214455,1419.0274361776922,26.46050007626297,0
2025-01-23 17:00:00,11.902762324204382,27.03786588228879,1789.9840714984691,24.21020868406341,0
2025-01-23 18:00:00,10.10850962234019,13.148438054338012,1597.8299765628378,24.662909498096298,0
2025-01-23 19:00:00,11.363549663313803,21.43830484795352,1672.8403045919563,25.703652404843144,0
2025-01-23 20:00:00,12.683076715065067,37.05575524765206,1969.854417960001,25.43111758284594,0
2025-01-23 21:00:00,12.565419742823856,23.56339895749782,1792.0749483235638,24.00264739108866,0
2025-01-23 22:00:00,12.843023690968195,21.873502838255366,1984.3984789975295,26.22010746631512,0
2025-01-23 23:00:00,13.79080443987882,25.18803593025884,2081.0086106881063,28.464511631853917,0
2025-01-24 00:00:00,12.982040739713685,6.019929485449806,1853.9078025665606,25.935249945406973,0
2025-01-24 01:00:00,14.843367571456461,33.13483364570959,2365.509117567382,30.31857134874032,0
2025-01-24 02:00:00,15.227615082441416,20.765674724966402,2433.099014232645,28.96284298316221,1
2025-01-24 03:00:00,15.782607964931024,25.25123416836962,2586.3287929688927,28.6014470172553,1
2025-01-24 04:00:00,16.298973718953647,32.36947850892501,2777.065513215832,28.526128949823402,1
2025-01-24 05:00:00,16.55952367325246,29.138580144364532,2831.3098370417383,29.629832989577253,1
2025-01-24 06:00:00,16.335283590901724,24.69786645061742,2834.3218676394213,27.653666002715404,1
2025-01-24 07:00:00,17.18256579395178,33.35884660588062,2967.610008683243,29.399484115996668,1
2025-01-24 08:00:00,16.49227897020182,28.480875319988456,2811.995877759983,29.282563518726583,1
2025-01-24 09:00:00,15.647781854686755,24.92434707390253,2573.31120448723,27.832023964624724,1
2025-01-24 10:00:00,14.886578300408123,22.762367844782798,2391.682820893147,29.397414233885264,0
2025-01-24 11:00:00,14.157467375640616,16.035898503987134,2092.7858186643384,27.51393758996031,0
2025-01-24 12:00:00,14.940170353733286,40.630847516752574,2460.176474420974,26.237046546462672,0
2025-01-24 13:00:00,13.69186642355765,38.22061866146316,2360.9196247714585,25.833142142610146,0
2025-01-24 14:00:00,11.650543922058393,14.488092786317495,1716.4313355554195,25.926128967979032,0
2025-01-24 15:00:00,11.931082640797838,14.04926271338641,1710.860194941774,24.966545109000748,0
2025-01-24 16:00:00,9.9220157294135,0.3212054352797591,1256.9141945933898,23.560753682941577,0
2025-01-24 17:00:00,10.521999396257787,8.073898907104304,1263.0482405025018,24.253006689981333,0
2025-01-24 18:00:00,12.081785182804266,24.984986950430724,1848.0584996115283,23.93918885092049,0
2025-01-24 19:00:00,11.135780616968773,9.58683961834238,1432.6704485417285,22.734865453354228,0
2025-01-24 20:00:00,12.228824614248076,32.047955274790034,1843.4064546671316,24.055718156437955,0
2025-01-24 21:00:00,12.501300131447143,30.551385659802897,1865.1098943274847,25.573885580945415,0
2025-01-24 22:00:00,12.588068019101797,7.910563626757233,1743.1544622492804,26.186565911875824,0
2025-01-24 23:00:00,12.392302933175127,15.483207865201695,2114.2771443985193,25.947585665808322,0
2025-01-25 00:00:00,14.728565240332825,43.08498534881034,2527.1608729578456,27.812127353743154,0
2025-01-25 01:00:00,13.974470156618796,7.66798931391628,2041.565725242245,26.600510538926024,0
2025-01-25 02:00:00,15.096292698487451,19.799712878077727,2534.9906525920806,27.36121459416796,1
2025-01-25 03:00:00,15.39593879145914,16.28390833915086,2229.4102561749887,28.819814387607206,1
2025-01-25 04:00:00,16.439545149463495,22.86442754196059,2880.59663479703,31.395155574657878,1
2025-01-25 05:00:00,19.389877027637716,72.06355688616499,3873.3989733746657,30.09367943071304,1
2025-01-25 06:00:00,16.229870497763272,29.796416391012876,2511.574991507822,29.669561028401073,1
2025-01-25 07:00:00,16.04396335344698,20.291468562640155,2636.5089598020463,31.750743080315182,1
2025-01-25 08:00:00,15.756786708383729,21.960872757965376,2542.0347677112536,29.253750089109104,1
2025-01-25 09:00:00,15.366612500965372,15.95767766637442,2409.01897607945,31.803000228302867,1
2025-01-25 10:00:00,15.02016039092777,26.016138330874682,2468.0842816018358,27.88646025165512,1
2025-01-25 11:00:00,15.108420953634582,25.314505497104257,2482.481713316672,26.562382660206072,1
2025-01-25 12:00:00,14.345061060867138,28.2568435911632,2295.1147958047873,26.8003656301778,0
2025-01-25 13:00:00,13.449146656970289,23.909107466283402,1991.64554613785,25.924641751688043,0
2025-01-25 14:00:00,11.193900624645606,2.664831932242857,1577.3047554249563,24.53073602838086,0
2025-01-25 15:00:00,11.482759617940271,19.289686756704473,1855.4350794629029,28.00104855023052,0
2025-01-25 16:00:00,10.914358803967797,12.250945178949632,1445.4577519970428,24.784275670013,0
2025-01-25 17:00:00,12.45028522654905,31.53996083717142,1687.2083392481538,24.659322009538695,0
2025-01-25 18:00:00,12.24820536650249,26.147096710072347,2009.7768768815406,23.445744879435694,0
2025-01-25 19:00:00,12.964954211002501,57.88530313344516,2281.881341692468,23.40901925943865,0
2025-01-25 20:00:00,10.859326333476995,5.0973271239121285,1442.256827907855,25.632593815507917,0
2025-01-25 21:00:00,11.265863673497428,4.27525127574265,1475.6656836710265,22.86766952933265,0
2025-01-25 22:00:00,11.560154835416409,8.596452325027979,1770.5066663403659,24.12856263265159,0
2025-01-25 23:00:00,13.431144230888536,12.714285558331042,2112.1824082696203,25.92677265796335,0
2025-01-26 00:00:00,13.115735151339903,6.953351882209846,1994.7523948872918,28.621256766761178,0
2025-01-26 01:00:00,13.610202335996634,10.590841363937269,1937.840849397337,27.32703676774422,0
2025-01-26 02:00:00,15.200488882190278,28.22107117734001,2391.884469951092,28.999381868729007,1
2025-01-26 03:00:00,15.955674779917123,22.71161741649822,2514.4867310510112,29.154594758825347,1
2025-01-26 04:00:00,15.879392738502448,23.95893427362557,2632.0855348734895,31.153586306877497,1
2025-01-26 05:00:00,15.483841365384334,21.976398813479637,2471.903939441574,27.99610985701169,1
2025-01-26 06:00:00,16.55516610509706,20.399964453762454,2765.520270588657,30.883155844467332,1
2025-01-26 07:00:00,17.394968505739566,58.47101490332787,3205.082714458658,29.659098763176086,1
2025-01-26 08:00:00,17.977758326263423,55.59481430713673,3412.915546875775,30.70793724405663,1
2025-01-26 09:00:00,17.315364795365817,40.93204517087372,3108.8061153336894,28.138181816239282,1
2025-01-26 10:00:00,15.765362691619055,31.94846454692744,2595.2819379288326,28.529271683835404,1
2025-01-26 11:00:00,14.425285520057745,12.953366539488801,2215.2468371122495,27.653449082212397,0
2025-01-26 12:00:00,13.844525592599037,22.69559005794845,2060.686954392973,25.797077434415534,0
2025-01-26 13:00:00,13.078553257941273,3.907302645219903,1815.7630842401923,24.687047249156084,0
2025-01-26 14:00:00,11.946728312412445,15.151439171685155,1762.9428142782176,24.80350636576428,0
2025-01-26 15:00:00,11.13444807673563,6.035254298936754,1424.61294819699,25.034597011234382,0
2025-01-26 16:00:00,11.492339387959763,22.773473208834766,1742.1896172764496,23.493629119481298,0
2025-01-26 17:00:00,12.79495956568709,45.2858592935135,2076.2927931300683,23.70613424549943,0
2025-01-26 18:00:00,10.313189237477038,4.61904601601661,1344.1236999278483,21.737043174619714,0
2025-01-26 19:00:00,11.3490479779097,8.183903627051366,1578.3089404803527,23.657442616552316,0
2025-01-26 20:00:00,10.965825988834988,14.899825418853172,1540.9472445308431,25.630227764596654,0
2025-01-26 21:00:00,11.694239862259657,1.2100010886729082,1676.4293889756975,25.724896047604418,0
2025-01-26 22:00:00,11.466065491503898,1.954507043255572,1426.173970839554,25.395693675567404,0
2025-01-26 23:00:00,14.624568135854474,44.298414854227914,2661.813577606273,26.51592613470943,0
2025-01-27 00:00:00,13.630844102225467,18.29006370789759,2007.239872113357,26.006087525287036,0
2025-01-27 01:00:00,14.088607342244305,12.508112362129625,2154.433957165194,29.72578355525721,0
2025-01-27 02:00:00,15.215884125947017,23.506404274952416,2414.29174333178,30.98131500781668,1
2025-01-27 03:00:00,15.563528141817029,22.77573716531642,2522.269218984429,29.319108700406822,1
2025-01-27 04:00:00,16.53844886969671,32.62146807247829,2916.3619955594977,32.70689921462713,1
2025-01-27 05:00:00,16.803414799824527,28.28570106298039,2972.0847479456374,29.08155863302479,1
2025-01-27 06:00:00,16.65224680264059,32.55568940640465,3028.865373909961,28.498704911917258,1
2025-01-27 07:00:00,17.61901213403109,43.77290225107156,3022.292393782799,29.046228973954257,1
2025-01-27 08:00:00,16.677456290637995,40.50913005014399,2984.28766948336,29.334687893263343,1
2025-01-27 09:00:00,17.239366403363977,56.58292779171717,3078.1967460039796,31.895800205003198,1
2025-01-27 10:00:00,15.520428415714463,29.413345375646458,2460.4541792526693,28.162609047112827,1
2025-01-27 11:00:00,14.418500368285551,19.481287522601587,2142.516589270654,26.74487015994277,0
2025-01-27 12:00:00,14.545667035096065,47.24665021931483,2597.9309071095727,25.921849368507083,0
2025-01-27 13:00:00,12.648100910410934,11.359901623215546,1905.0213823884096,27.59156939914436,0
2025-01-27 14:00:00,11.244990591142516,0.5037290396751676,1329.6493035439787,26.69676209797088,0
2025-01-27 15:00:00,12.311055531578956,27.056089563278483,1927.893777236049,24.296105832816036,0
2025-01-27 16:00:00,12.077924867567544,17.503512259555546,1863.9735337257227,22.150982849354094,0
2025-01-27 17:00:00,10.90474362440718,13.7010107497179,1698.2846086392854,22.747910267481668,0
2025-01-27 18:00:00,10.866737732601601,27.630446258335773,1727.125943466844,26.065492604999452,0
2025-01-27 19:00:00,10.69891367848494,9.045458733892477,1312.2305949515962,24.92879198259216,0
2025-01-27 20:00:00,10.442634498870593,0.5645319085156416,1432.3285092368367,24.480477439316623,0
2025-01-27 21:00:00,11.411650517765139,28.066770655846245,1673.5570911870548,27.1212794642216,0
2025-01-27 22:00:00,11.944284062646638,7.057885364571219,1810.2604304682022,27.849991527373813,0
2025-01-27 23:00:00,12.622676263383786,4.845061116052674,1732.1710825916882,26.180415342338815,0
2025-01-28 00:00:00,14.01412688317812,26.220550208039093,2491.7259422139846,26.97891388736196,0
2025-01-28 01:00:00,15.934346381992723,42.007938811555604,2478.316562890083,27.078001116773056,1
2025-01-28 02:00:00,14.926894729993974,19.961401688800343,2519.4827774233354,28.158476055017776,0
2025-01-28 03:00:00,16.66259230379309,41.37419896454336,2886.227911537345,27.33773037259946,1
2025-01-28 04:00:00,16.41931779388724,37.236189139542034,2863.538042627325,27.809612559932432,1
2025-01-28 05:00:00,18.732987128590004,73.15317289773608,3435.3388094783227,27.830586836180103,1
2025-01-28 06:00:00,17.36911401125844,39.461610280344814,3081.7987338516127,31.301204408303335,1
2025-01-28 07:00:00,17.70371355015681,55.110502587676336,3356.0884458959326,28.024094811372137,1
2025-01-28 08:00:00,17.38978745020488,25.23753029837362,2901.5035834988516,31.938030969800707,1
2025-01-28 09:00:00,15.372361885930745,16.084455717226188,2564.039625046614,28.24486687412034,1
2025-01-28 10:00:00,15.833891186328596,40.65636755254629,2710.547176471151,30.58481988813908,1
2025-01-28 11:00:00,13.835550272270636,7.0297347789279385,1935.4812385378639,27.338391923869008,0
2025-01-28 12:00:00,14.349341501192203,25.9883364273404,2103.5710836694384,25.120575874895415,0
2025-01-28 13:00:00,12.86043540725297,4.179087108616004,1922.6009668805582,27.764077542370966,0
2025-01-28 14:00:00,11.850213632761509,17.800750785374692,1777.0326000234036,27.182238753159886,0
2025-01-28 15:00:00,14.06556445050433,54.578320447438294,2606.4839617371717,23.791418456119942,0
2025-01-28 16:00:00,11.289269479292278,24.375635313517954,1868.7573786545495,24.00394106872973,0
2025-01-28 17:00:00,11.159978603935214,11.407604190167532,1561.962308069758,23.015267397259628,0
2025-01-28 18:00:00,10.660281964580985,20.30912889232652,1628.7401225546416,23.855367966650736,0
2025-01-28 19:00:00,10.542423890082196,8.222577305032317,1544.3242279063188,24.231617498061826,0
2025-01-28 20:00:00,14.146168808099963,70.35151492827528,2631.4580752763163,23.980264117708153,1
2025-01-28 21:00:00,11.301499307633526,6.491885072717544,1518.9949457393834,22.696009981971322,0
2025-01-28 22:00:00,12.128886980200257,12.632432800426287,1860.904364805459,24.802944821891984,0
2025-01-28 23:00:00,13.646354715615646,22.62563763975099,2060.5753018577143,27.067765380957244,0
2025-01-29 00:00:00,13.76574345889496,19.085997007890057,2047.7477726933585,26.749320548884878,0
2025-01-29 01:00:00,15.020119587306924,26.129707240255982,2471.723465931147,27.38352838223352,1
2025-01-29 02:00:00,14.55157301463328,18.402128908497357,2373.560041677517,27.383068145963037,0
2025-01-29 03:00:00,16.406222334073593,25.101651358997803,2664.052316466167,28.389258700522483,1
2025-01-29 04:00:00,17.023112197389345,46.87234106781413,3022.251658110371,31.288813939251668,1
2025-01-29 05:00:00,17.948537950398233,47.72704227514554,2996.9551175354363,28.53004477070466,1
2025-01-29 06:00:00,18.221734179935133,39.47619903086328,3218.780458057252,30.864987716022277,1
2025-01-29 07:00:00,18.64071177749131,58.56565205399242,3522.738019408027,29.954243743951437,1
2025-01-29 08:00:00,17.862913141208963,47.805060369762174,3199.5579838993795,29.891849007099033,1
2025-01-29 09:00:00,15.685840064966428,41.873069715868006,2860.73136323399,28.24249280634213,1
2025-01-29 10:00:00,14.475978229100884,11.79877286378801,2226.3397547688583,28.077867160742517,0
2025-01-29 11:00:00,15.211000815614526,24.45276189165014,2535.4385301085513,27.76959291910129,1
2025-01-29 12:00:00,13.767792176485806,16.42554812987824,2053.2002618297274,26.375199642469017,0
2025-01-29 13:00:00,13.801591775559462,43.10302747198742,2370.538247582842,26.621261389536325,0
2025-01-29 14:00:00,12.296454689307144,11.97248191640275,1990.172835571624,26.048926819347685,0
2025-01-29 15:00:00,10.920728104588488,15.256577516634376,1715.3436829124876,27.485927604784305,0
2025-01-29 16:00:00,11.147628638120251,4.11113474204301,1653.1987628862196,24.735751823881547,0
2025-01-29 17:00:00,9.688938668524205,5.168434420261026,1242.2618771373645,21.807531334510195,0
2025-01-29 18:00:00,12.829173419083913,43.20686129512369,2139.905689246367,25.395622897006415,0
2025-01-29 19:00:00,12.050581383608543,20.88615220329702,1941.5177384208077,23.857577751169373,0
2025-01-29 20:00:00,13.197468165817742,54.6689972259889,2354.599337534643,26.816234224170902,0
2025-01-29 21:00:00,11.617532956799923,11.76525535187677,1626.5406666683732,26.64378899944673,0
2025-01-29 22:00:00,11.280923091661196,2.5240010393661354,1455.3017885967852,24.893679139546148,0
2025-01-29 23:00:00,12.83814623418692,10.206548671068548,1984.189520060199,27.089826205337822,0
2025-01-30 00:00:00,12.661560636495366,8.545413814300701,1861.40207874053,26.287253822702535,0
2025-01-30 01:00:00,15.102595264375179,30.248547174652984,2462.5063445682194,27.77968612700522,1
2025-01-30 02:00:00,15.041987282128222,34.26063964535082,2518.5512400411963,29.311181777224718,1
2025-01-30 03:00:00,16.10134433248533,35.903078098863766,2986.6361483845126,30.45692059081545,1
2025-01-30 04:00:00,19.482474049968367,84.66939248822139,3895.648003967288,30.672323206016813,1
2025-01-30 05:00:00,18.05009288205378,56.8469281492002,3302.41744992456,29.98776503716259,1
2025-01-30 06:00:00,16.45539488548574,25.604830283189603,2622.3890728269816,32.98010868009746,1
2025-01-30 07:00:00,17.87547897789998,50.59148267442471,3377.918447193294,29.459752991034694,1
2025-01-30 08:00:00,17.055921660712084,31.68686715758757,2759.464503483142,27.669435453314183,1
2025-01-30 09:00:00,15.683541783368245,25.599516651458742,2481.720109421432,27.42368118930847,1
2025-01-30 10:00:00,16.38731186759559,51.14670339011118,2759.186499525296,30.26880927614681,1
2025-01-30 11:00:00,13.842337430438748,10.374085114346936,2038.6272387822614,27.684473631491453,0
2025-01-30 12:00:00,14.281106834179237,29.65516799134951,2159.2364491407043,27.190868997664943,0
2025-01-30 13:00:00,13.455638030947274,26.05632927283589,2064.8659039770478,25.57251420878324,0
2025-01-30 14:00:00,11.955816789522924,5.081112452784624,1730.7890721938586,24.95675702484103,0
2025-01-30 15:00:00,11.138550765134847,1.70095875416122,1432.0158473046051,23.934164623301232,0
2025-01-30 16:00:00,10.681467421321631,12.945995832800584,1642.698428951838,24.967304764642797,0
2025-01-30 17:00:00,11.345513512451815,34.13228660347035,1844.6180865740675,23.985366620088296,0
2025-01-30 18:00:00,11.13799922773194,19.213200372630986,1653.6578946710656,24.52200645336408,0
2025-01-30 19:00:00,12.715284178151705,42.152597154190765,2306.291934281221,24.50954858351377,0
2025-01-30 20:00:00,11.544356782848157,18.105886602478662,1651.0749275891621,23.890869308287165,0
2025-01-30 21:00:00,13.275085542065648,44.288566628168994,2289.7723412281207,23.128202906076975,0
2025-01-30 22:00:00,11.714666467686584,7.632728621051177,1499.525847882704,23.64504048480074,0
2025-01-30 23:00:00,13.068537676422661,21.703571543604674,2243.6674999236475,29.85552477472651,0
2025-01-31 00:00:00,13.103658260514047,9.476515862438193,1913.312490050493,28.77380813330791,0
2025-01-31 01:00:00,14.069643534812776,17.747614119337396,2374.930614688107,29.38467621557698,0
2025-01-31 02:00:00,15.379773849556011,25.209402355407757,2488.987606906269,27.690471831615714,1
2025-01-31 03:00:00,15.78147735106231,33.30300550080502,2826.3970134102624,29.1327320240754,1
2025-01-31 04:00:00,16.374992781979987,23.872167997488656,2743.2332171123385,28.61964086049353,1
2025-01-31 05:00:00,16.729410320968068,40.162279602161,2951.591105241905,28.32327896466813,1
2025-01-31 06:00:00,17.12695606114539,34.52829308989986,3052.5380479096198,29.293471775549158,1
2025-01-31 07:00:00,16.441734416459983,22.053125528977837,2588.8409889869617,31.48919943498269,1
2025-01-31 08:00:00,16.085622481634363,18.634914342298966,2661.7932664569084,30.606970651662095,1
2025-01-31 09:00:00,16.454593980996012,48.37320594303038,2977.4464622678374,27.95726274161322,1
2025-01-31 10:00:00,14.979896646019732,21.99412247450355,2487.841158376908,28.122220739811013,0
2025-01-31 11:00:00,13.216918939538097,7.50966678064316,2009.144364320332,28.675404941631495,0
2025-01-31 12:00:00,14.789785522170478,49.79264224240074,2702.2646773280067,26.314834325775205,0
2025-01-31 13:00:00,13.059364454234624,22.644210244430546,1949.2230176454755,26.3190463584917,0
2025-01-31 14:00:00,12.611442715667955,18.72678760299823,1916.78901501663,25.982216936477812,0
2025-01-31 15:00:00,11.344368202324407,5.91067130466654,1558.1412330858768,25.34779631865333,0
2025-01-31 16:00:00,10.714523079273912,2.679374119102934,1350.397605762936,24.70689830187502,0
2025-01-31 17:00:00,11.078649171171083,16.44689071969602,1606.477763843161,23.3177859125938,0
2025-01-31 18:00:00,10.80492072335569,13.708018909047254,1562.8248775029997,23.338830494977422,0
2025-01-31 19:00:00,10.022260510256675,4.196854519234899,1318.6176218098806,22.741842699308044,0
2025-01-31 20:00:00,10.545068247793099,4.012182165383344,1423.7555479971154,22.528319876443927,0
2025-01-31 21:00:00,10.514891522778715,3.758032303141708,1393.4249579558823,24.74098116641206,0
2025-01-31 22:00:00,11.780426726283581,3.5912391809362125,1896.1302699321711,26.479511537504624,0
2025-01-31 23:00:00,12.640283056721815,7.3644654185464,1930.245094207546,24.567203991707633,0
2025-02-01 00:00:00,13.687891540147032,18.73223898837822,2169.951594466587,27.327567892949066,0
2025-02-01 01:00:00,15.878082612611287,26.686448255492994,2550.4191424473347,28.71801459136762,1
2025-02-01 02:00:00,14.43430923178934,23.448333785461138,2234.559710936236,26.29591947741432,0
2025-02-01 03:00:00,15.561495372693736,29.928558648610146,2385.3458777281694,28.796623023396144,1
2025-02-01 04:00:00,16.473492240801818,39.69460549283867,2899.6006733533245,31.57352845190335,1
2025-02-01 05:00:00,15.844279188084432,20.108569993974847,2479.4894758038245,30.560106700176032,1
2025-02-01 06:00:00,17.022416002838938,36.90640292065754,2935.9225896380367,27.755451421125255,1
2025-02-01 07:00:00,18.47683563338364,58.13928025325932,3354.1487545745913,30.687784833761146,1
2025-02-01 08:00:00,16.44807408174001,29.01797411834148,2865.7859758232403,28.700792058279326,1
2025-02-01 09:00:00,16.70036893233293,47.29865456718515,2868.337494689579,29.95088865967094,1
2025-02-01 10:00:00,15.056929699360348,21.90560701140714,2492.2566085445433,27.67190188007911,1
2025-02-01 11:00:00,14.439769206946966,28.798192699717013,2449.503754324437,27.71281820201322,0
2025-02-01 12:00:00,13.5239940625172,18.405251889753547,2172.995651207533,26.354948677724455,0
2025-02-01 13:00:00,12.02318344977029,3.679076546971921,1674.4412212037964,26.22733213197861,0
2025-02-01 14:00:00,11.950028341412409,4.883004831063356,1803.8703037425985,24.819263791306806,0
2025-02-01 15:00:00,13.348832020677712,44.28657083179447,2231.1838465674596,24.610433766574985,0
2025-02-01 16:00:00,12.194130590626843,27.952336979996186,2083.0312305681623,22.991197778673857,0
2025-02-01 17:00:00,10.67849145323918,12.683175906413496,1450.4876147290433,24.691014035629593,0
2025-02-01 18:00:00,10.34732356105288,11.151126680903786,1589.8595610509344,24.21034225037271,0
2025-02-01 19:00:00,10.69779944462926,5.956351403660931,1417.0911944541,22.16238391220782,0
2025-02-01 20:00:00,11.252304876825457,19.77755110809274,1683.654128053435,25.593423780888976,0
2025-02-01 21:00:00,11.575626862862826,6.553758117989219,1640.292096386636,24.667134104854952,0
2025-02-01 22:00:00,12.274493002651905,9.777158549033928,1690.0880363798617,25.6941148754831,0
2025-02-01 23:00:00,11.885782959697003,7.33268833470567,1483.1430270145543,27.141016871127412,0
2025-02-02 00:00:00,13.223343087524677,26.570244883189243,1910.7202331164858,27.393890690831956,0
2025-02-02 01:00:00,14.487266853691462,17.3702285337474,2394.764295392786,29.17470092546056,0
2025-02-02 02:00:00,15.647496703513204,25.89306887863937,2663.7062547610763,28.148045373353533,1
2025-02-02 03:00:00,15.679910285332713,17.917742756826584,2702.553673766862,30.362635607032068,1
2025-02-02 04:00:00,16.015150102859774,24.599075590655424,2673.692672730148,29.745585752722054,1
2025-02-02 05:00:00,16.946840612860303,35.52585301872246,2767.312091241792,30.50693758827524,1
2025-02-02 06:00:00,16.460438132531554,21.85941811154764,2643.119464889737,30.484355007357486,1
2025-02-02 07:00:00,16.655440855524922,30.656932265786217,2836.1586357720485,31.38665386923866,1
2025-02-02 08:00:00,15.850858553619116,31.15347122919864,2672.9305971035806,30.46377105962446,1
2025-02-02 09:00:00,15.837752511977243,17.326409888507417,2663.257735343277,28.589785767187863,1
2025-02-02 10:00:00,15.654676828020538,28.976239763788463,2840.3126613054565,27.730479547200275,1
2025-02-02 11:00:00,14.40920828036013,17.28513205011884,2297.93558354102,27.71675215819376,0
2025-02-02 12:00:00,13.09290486134436,6.721407043197641,1919.6816771737833,26.08787827070496,0
2025-02-02 13:00:00,11.331110480538348,1.7476409574605691,1546.6519772661027,24.96091222310085,0
2025-02-02 14:00:00,13.293905005745057,30.11966152141332,2277.7259749241666,22.946337036842355,0
2025-02-02 15:00:00,11.527086927005087,8.886812220491901,1615.5660466774737,23.01956434704595,0
2025-02-02 16:00:00,10.761947086565357,2.523379487238879,1377.70840106881,26.78441142198053,0
2025-02-02 17:00:00,10.697382942172752,6.5129372676838955,1492.0108483147212,23.314422221577065,0
2025-02-02 18:00:00,10.529005154719695,20.722866213896634,1602.7262083714372,26.284152359785374,0
2025-02-02 19:00:00,11.547399373178084,17.32593039225578,1646.5288546906859,24.58600804251948,0
2025-02-02 20:00:00,10.574776821870147,4.220746815575355,1269.864718686656,24.342214162683348,0
2025-02-02 21:00:00,12.520942591040333,34.411249765610194,2196.2995678980024,23.07795351625488,0
2025-02-02 22:00:00,11.298572727780384,2.4749159083139602,1582.0191614133628,25.50560267469121,0
2025-02-02 23:00:00,14.398586735557034,40.01199774742185,2529.862540178424,28.49416338505437,0
2025-02-03 00:00:00,13.735427298252077,16.686472159117198,2076.2201575231147,28.869164092820082,0
2025-02-03 01:00:00,13.957004271674018,14.76770213746288,2178.884195971505,28.105543518544597,0
2025-02-03 02:00:00,15.095245215767847,20.97701405089693,2282.1081615211165,27.121597960914023,1
2025-02-03 03:00:00,15.619710208412213,29.185802114871315,2770.0686654231336,27.97272192926065,1
2025-02-03 04:00:00,16.487417581390783,39.412340322938206,2837.33403322233,28.574965999282327,1
2025-02-03 05:00:00,15.527862083166365,20.608008774186878,2595.536386295992,31.431563391702458,1
2025-02-03 06:00:00,16.347402291590154,26.277602710696236,2773.1225111224367,31.95806452333051,1
2025-02-03 07:00:00,17.401749843439344,33.930682268747915,2908.2620960247227,30.13284888082833,1
2025-02-03 08:00:00,17.96173545944101,52.752451127966914,2977.8251893694896,29.234379688725518,1
2025-02-03 09:00:00,17.055947927782068,48.53833752067428,2999.546762106852,30.97977293955284,1
2025-02-03 10:00:00,16.858798227492432,56.388183659943586,3160.414932116242,27.325711750962128,1
2025-02-03 11:00:00,15.217466579374188,38.309054439083944,2573.571938311899,27.838645128427977,1
2025-02-03 12:00:00,13.100902515520065,5.756774308240855,1876.6541270427426,27.55555919945539,0
2025-02-03 13:00:00,12.316927056218221,13.780322837877005,1938.1250146316681,25.18818213608085,0
2025-02-03 14:00:00,12.961474572532607,33.28648467664311,2134.041472273934,24.736902934330416,0
2025-02-03 15:00:00,12.743215097059762,30.795428022694736,1877.102453528724,24.022194561415265,0
2025-02-03 16:00:00,10.770488084390049,11.521311290363007,1570.009366494295,26.101996015832437,0
2025-02-03 17:00:00,11.313528023758307,21.584868845631465,1824.8535064775394,26.3994632536013,0
2025-02-03 18:00:00,10.424210648612764,8.835850429354007,1332.9041940563213,24.137751036283873,0
2025-02-03 19:00:00,10.368757359004796,2.198697659576555,1311.675817989541,23.780360216681423,0
2025-02-03 20:00:00,10.706038566907678,12.511503821656774,1426.3986080253933,23.68211449865473,0
2025-02-03 21:00:00,11.703519585844166,11.809688688577909,1771.986839859963,24.88077523258071,0
2025-02-03 22:00:00,12.027909143881068,8.406764634424626,1690.2387785990927,24.839733898275824,0
2025-02-03 23:00:00,13.627997793541528,22.165129720633118,1967.5388563874308,26.107106573866165,0
2025-02-04 00:00:00,13.258716102795299,11.153492473075882,2011.83473653255,27.495879387604727,0
2025-02-04 01:00:00,14.422597729871532,24.8393538104517,2232.08586535193,27.290081603959077,0
2025-02-04 02:00:00,16.128568030296048,36.18002927240543,2577.2210631280464,28.272494324863068,1
2025-02-04 03:00:00,18.623816281760366,87.46668812687332,3552.737753294781,28.898774961472885,1
2025-02-04 04:00:00,15.880680147872452,30.031568092521965,2645.5674190507225,29.217000089681925,1
2025-02-04 05:00:00,18.349482745304037,55.13416212402392,3438.258341456944,29.368040026447765,1
2025-02-04 06:00:00,17.370518545134633,37.10821802382931,2879.9737246750165,30.914635923524166,1
2025-02-04 07:00:00,17.294961224976326,37.300302025038846,3010.3153643134133,27.77289424409549,1
2025-02-04 08:00:00,16.298834764769996,30.194402653383435,2676.1557792584063,31.487212042154802,1
2025-02-04 09:00:00,15.763634737118753,29.967584284540855,2784.1139572065963,29.283955699403244,1
2025-02-04 10:00:00,14.8780204623515,21.254346078838488,2309.4483893073443,29.232021091183874,0
2025-02-04 11:00:00,15.624361028917855,36.295479981047066,2587.4355135415108,28.646550475086173,1
2025-02-04 12:00:00,12.67939433406367,6.540696591327128,1924.0746958281647,26.15032900796333,0
2025-02-04 13:00:00,12.498252628108935,2.166545859701849,1988.9249432945758,25.12631259727742,0
2025-02-04 14:00:00,11.844581604050802,8.122124458882869,1771.849274817506,24.261276858415375,0
2025-02-04 15:00:00,10.957288882638995,7.239332085293691,1505.6061052225025,24.582198020646064,0
2025-02-04 16:00:00,11.111434757367947,8.117573503950709,1595.3094968169617,25.240969418507962,0
2025-02-04 17:00:00,11.391549964354372,12.246112390910792,1794.0480463500837,23.4017080908678,0
2025-02-04 18:00:00,10.41027211456819,8.14920268110255,1251.1293174017305,24.729517968213965,0
2025-02-04 19:00:00,10.420494698318304,12.082601001968383,1433.4260597826456,21.260717058499335,0
2025-02-04 20:00:00,10.380337127472428,8.175741847369936,1485.722944266846,23.939243146276397,0
2025-02-04 21:00:00,11.941477983132827,20.018454328555414,1756.7282000636849,26.279244497574204,0
2025-02-04 22:00:00,15.001165695060257,72.84303102316352,2821.243754617344,25.29483445316039,1
2025-02-04 23:00:00,13.230797198265657,16.80872802265045,1816.6397099852607,25.228570501293053,0
2025-02-05 00:00:00,13.961580404290823,8.529142420141838,2121.999289988547,26.211788133434837,0
2025-02-05 01:00:00,13.986688906010993,5.491595200127517,1857.545204336344,24.142830059625602,0
2025-02-05 02:00:00,17.088097170498994,65.98401435656645,3213.6867212634966,27.2858376355057,1
2025-02-05 03:00:00,16.515098562817233,31.78684688946194,2851.2163056148656,30.3900099905747,1
2025-02-05 04:00:00,16.68787640447715,29.30113738341639,2756.8109919362096,28.898952891077823,1
2025-02-05 05:00:00,16.238094953622696,19.687861087783684,2519.817112696308,29.340324244465734,1
2025-02-05 06:00:00,16.5952766892319,32.583801743026314,2724.6673526095988,27.20182537555631,1
2025-02-05 07:00:00,17.3267261107674,35.02433919472441,2885.8011151262413,27.940772127132142,1
2025-02-05 08:00:00,16.099674251053628,25.52754417973909,2601.664949225468,31.026135225673027,1
2025-02-05 09:00:00,15.461108097942123,16.973314844793606,2483.7007888039143,29.862073240353503,1
2025-02-05 10:00:00,13.915263965365831,12.574523220947956,2108.1672802501685,26.94307316227272,0
2025-02-05 11:00:00,16.91426441106019,61.81730620263616,3139.6853226252288,27.019770265419716,1
2025-02-05 12:00:00,13.438461616883757,15.303581092036183,2089.330402436386,26.964993188401454,0
2025-02-05 13:00:00,12.639982170655154,8.199356270248728,1840.9592576355226,24.788189586104384,0
2025-02-05 14:00:00,12.508512470254722,14.492010389041832,1983.7854003915468,23.09502733978363,0
2025-02-05 15:00:00,11.579771575047378,13.604155457324563,1638.7859478339446,24.687627191513034,0
2025-02-05 16:00:00,10.471725672550864,2.393298634483499,1322.968670160502,25.089054063254604,0
2025-02-05 17:00:00,11.909096240896972,29.51585828150782,1782.5909005209796,24.812451304808725,0
2025-02-05 18:00:00,10.663245580260961,11.684002381551268,1487.208854525132,25.050284862650575,0
2025-02-05 19:00:00,10.589614610890825,15.493430285121121,1585.0030446126837,22.237953806996988,0
2025-02-05 20:00:00,12.759553141030576,43.2068621414811,2045.0270882622312,24.47140608043903,0
2025-02-05 21:00:00,10.44350069001729,2.9515381742777036,1256.8040661797556,24.556538019365398,0
2025-02-05 22:00:00,11.247512530600616,6.168428914683497,1593.720240358807,25.3953351774033,0
2025-02-05 23:00:00,12.758765757248401,18.474205818671994,2046.3052621392674,25.969404904331505,0
2025-02-06 00:00:00,14.32035391627386,29.054378987330356,2339.329818522361,26.207462183270955,0
2025-02-06 01:00:00,14.201566630641704,12.588728884426049,2299.9531788500144,24.15510859024875,0
2025-02-06 02:00:00,14.61662058397984,17.873806057080653,2606.3868943031102,29.89419482468483,0
2025-02-06 03:00:00,16.499463090501685,37.976105817870845,2928.243347889961,29.517308542129722,1
2025-02-06 04:00:00,19.984120408866346,86.07947204019533,3948.3456757047143,27.81692846630946,1
2025-02-06 05:00:00,16.946805583789704,34.251231835100505,2991.498001247918,30.465535462458515,1
2025-02-06 06:00:00,16.86774572397786,26.14628507575396,2975.821042074857,29.463234231598236,1
2025-02-06 07:00:00,17.03638225320975,23.60039059234672,2929.8723799217314,29.395010699165955,1
2025-02-06 08:00:00,16.853906335475187,29.532404761986587,2878.735808101448,28.675978689566474,1
2025-02-06 09:00:00,17.12806566206885,42.13980033444584,2996.835414184255,29.765636910742394,1
2025-02-06 10:00:00,18.364351370864384,101.1165239390219,3845.4695702699264,27.540211714180657,1
2025-02-06 11:00:00,14.679643959384025,15.519984488720528,2203.8087696325606,26.46025551199884,0
2025-02-06 12:00:00,13.607735880569384,14.954355184307714,2028.637913555517,28.358093772727255,0
2025-02-06 13:00:00,15.479872516351012,49.79986283065498,2641.538201707941,26.0088851729724,1
2025-02-06 14:00:00,12.007657115902573,18.211876381914163,1791.3720103913342,25.323016332009356,0
2025-02-06 15:00:00,11.212863458839017,16.911924044610238,1727.928497036129,25.709636600772402,0
2025-02-06 16:00:00,12.295210056076677,42.794997654644575,1854.6768696699905,23.600819747631295,0
2025-02-06 17:00:00,11.25867244526892,15.273823464887268,1798.7366965961385,23.540438713956537,0
2025-02-06 18:00:00,10.552402815794862,4.730558568768315,1358.6931043274715,24.3668583236674,0
2025-02-06 19:00:00,12.531015471678343,36.33929512728819,2025.8140516270405,22.252569398176263,0
2025-02-06 20:00:00,10.823678592311094,1.8428848149465318,1575.0936281421846,24.667242644768532,0
2025-02-06 21:00:00,12.528084943541453,31.718592895606818,2053.4164940205906,23.97182590542272,0
2025-02-06 22:00:00,12.56448317788168,13.897795493270511,1973.4815631300728,26.52656711094613,0
2025-02-06 23:00:00,12.283118993063244,10.452287768646617,1709.7231198262234,26.87953885691238,0
2025-02-07 00:00:00,13.559338828900518,10.1885706354226,2271.07946218933,27.49745802837003,0
2025-02-07 01:00:00,14.768671353257716,17.34350905607264,2372.0459093792097,25.848106757042032,0
2025-02-07 02:00:00,15.378962612053103,19.00716935258467,2417.2333474449274,28.375925525791455,1
2025-02-07 03:00:00,16.889003265984424,34.695708094754416,2949.0856562139047,27.7086004710625,1
2025-02-07 04:00:00,16.033539891847035,26.65381356716329,2572.5451597824276,29.55383952778085,1
2025-02-07 05:00:00,16.201406882031822,33.31121922113761,2847.9310736726734,27.11944186659953,1
2025-02-07 06:00:00,16.548974336432394,20.835982519188814,2848.3577329136842,28.15100127794971,1
2025-02-07 07:00:00,16.327422668184866,33.22647399061411,2656.992223268196,31.324617809475452,1
2025-02-07 08:00:00,16.329832896863646,26.144292758152496,2770.864904534018,30.040940022561173,1
2025-02-07 09:00:00,16.687852692245475,44.04357613967147,3010.198900288782,28.696741326584064,1
2025-02-07 10:00:00,15.409211956909212,20.884101279246913,2662.2209210451165,27.409508012776612,1
2025-02-07 11:00:00,14.411726566745049,31.70101280871362,2310.0731027414336,26.47535243420303,0
2025-02-07 12:00:00,13.860093301472002,24.12644119657288,2427.431668382114,27.24018690610627,0
2025-02-07 13:00:00,13.589226636797086,24.67524020776863,2047.6083120107226,25.81118409318172,0
2025-02-07 14:00:00,11.639429404774575,11.265161376327208,1699.1317695844655,27.355976619980723,0
2025-02-07 15:00:00,11.444400222945646,14.757381097060968,1565.4389427186538,24.65696319242797,0
2025-02-07 16:00:00,11.626908097933342,20.09099596820792,1598.082981039501,24.472388379340178,0
2025-02-07 17:00:00,11.372725091314866,15.171359383488749,1638.5442374527336,22.43601835946635,0
2025-02-07 18:00:00,10.75541840398922,10.907378599524195,1362.8529850176728,23.567160929787434,0
2025-02-07 19:00:00,10.735041437303543,5.2700223063982286,1500.731608408979,24.31461220721435,0
2025-02-07 20:00:00,11.324931658095931,14.142871800764434,1542.0030648851698,23.95458093519086,0
2025-02-07 21:00:00,11.203760038535924,2.178884150626325,1340.102467416155,24.295925416151235,0
2025-02-07 22:00:00,11.661968115735034,3.932057382331376,1557.4399353187719,25.892291550738356,0
2025-02-07 23:00:00,12.82039864485675,24.441165757621313,2150.936324096678,28.041330802565614,0
2025-02-08 00:00:00,13.38679076549315,17.216813740111938,2076.6202558902805,27.17396324436932,0
2025-02-08 01:00:00,15.125690161899279,29.81986065521842,2470.2722285451205,29.149480675475285,1
2025-02-08 02:00:00,14.786323650785732,16.81029014938599,2436.1301181092754,29.24592285302252,0
2025-02-08 03:00:00,17.601785505064285,46.496067498268054,3120.373179756133,30.422544393161065,1
2025-02-08 04:00:00,15.868293188823984,19.898067560956047,2553.966480958692,28.866412303337324,1
2025-02-08 05:00:00,16.21965072717311,23.440869260227903,2579.5919179595,29.649464484885936,1
2025-02-08 06:00:00,18.300486977840794,51.91089830700427,3243.527506996779,29.7566717150824,1
2025-02-08 07:00:00,17.036735525357248,35.45697523104167,2977.6664176357754,30.55331016274399,1
2025-02-08 08:00:00,16.88675309420046,42.08530305589733,2815.261120181733,30.54897159800753,1
2025-02-08 09:00:00,16.24653657723173,31.42282179745498,2612.291187306554,29.271387772893917,1
2025-02-08 10:00:00,14.335065470345617,17.907698007096194,2286.0361366121883,29.552047892851096,0
2025-02-08 11:00:00,13.68942281818152,8.700609535693442,2061.08183154729,27.100459362929872,0
2025-02-08 12:00:00,12.871992052847926,1.15831090167299,1729.5255277949025,28.06245306347897,0
2025-02-08 13:00:00,14.94142252869549,52.97045612858909,2708.903574774984,27.442514195315553,0
2025-02-08 14:00:00,11.666285752329236,1.730953557087147,1388.5411798525536,26.312995615109568,0
2025-02-08 15:00:00,12.308441220514004,41.705574720976074,2007.5807107209675,25.039683396617832,0
2025-02-08 16:00:00,10.723072959359735,15.356504912806148,1603.337729156923,25.257911787532688,0
2025-02-08 17:00:00,11.359161863796919,17.749697511392423,1615.4533055637453,23.0294171628466,0
2025-02-08 18:00:00,11.01891957667383,16.75025594823959,1426.9473423253403,24.23803471723225,0
2025-02-08 19:00:00,11.22830375086999,22.280853877562457,1645.2825955338785,24.462835093322916,0
2025-02-08 20:00:00,10.857007302464131,6.104647100695409,1428.7456878300088,22.80650499286491,0
2025-02-08 21:00:00,11.076926690907692,0.5246253866918915,1408.6941127245177,25.44818075996775,0
2025-02-08 22:00:00,11.610334159805227,7.733739510937521,1707.4330891915756,24.001417529181733,0
2025-02-08 23:00:00,12.786882307719075,20.73095354695242,1964.3581751630575,25.71004090720113,0
2025-02-09 00:00:00,13.239949054160489,4.173474353835614,2052.4628943700254,27.047713151131507,0
2025-02-09 01:00:00,15.703348110709815,38.15876966496761,2674.8519332886885,26.899573473748088,1
2025-02-09 02:00:00,14.64376488141317,22.381392173769267,2356.0114366508883,28.599064846344383,0
2025-02-09 03:00:00,15.38853805289673,17.84207657010401,2486.052148059248,29.201188732083068,1
2025-02-09 04:00:00,16.589960601066853,33.31815487651675,2847.621327902191,28.613858244122692,1
2025-02-09 05:00:00,17.574417523196292,39.755174408398815,3144.3226294354463,30.5793468294564,1
2025-02-09 06:00:00,17.307837369459573,41.70222533975323,2978.594164645596,29.083012196032524,1
2025-02-09 07:00:00,17.802854984904176,51.25746610419613,3297.677946746535,32.64334672854885,1
2025-02-09 08:00:00,16.310628072489223,19.618456787900612,2591.167461168329,29.4667016233566,1
2025-02-09 09:00:00,17.007863565938322,46.11608741227117,3162.630945988006,27.715767369571594,1
2025-02-09 10:00:00,16.424580012143828,44.32400883798336,3002.739133400436,27.318789880543516,1
2025-02-09 11:00:00,13.370957151717924,8.710800051071072,2109.8414400216557,29.153553692945547,0
2025-02-09 12:00:00,12.67380069450731,4.5211409489225405,1849.906622558678,26.50901802033785,0
2025-02-09 13:00:00,13.627666211967473,25.80082481413151,2195.7980332646507,24.587026295296532,0
2025-02-09 14:00:00,11.977153488458056,9.393344354510148,1697.426195125915,26.524455296553274,0
2025-02-09 15:00:00,13.373336996046264,38.34901753800246,2338.3657778081715,24.379990991106663,0
2025-02-09 16:00:00,13.103936593791136,46.786193722805095,2218.555194499519,25.186027201989937,0
2025-02-09 17:00:00,10.982300949486406,3.6944859516789377,1334.860718084144,25.224901751920136,0
2025-02-09 18:00:00,10.153260445785083,5.968246336778137,1352.2746237331355,24.329356246570253,0
2025-02-09 19:00:00,10.326517245302934,15.265415975120696,1446.2503041837904,26.977311395955176,0
2025-02-09 20:00:00,10.302134112414215,0.49007976594570046,1442.5958292660052,22.332232797126835,0
2025-02-09 21:00:00,10.601740130450112,1.2223074942386198,1370.0467999862788,23.89713956611417,0
2025-02-09 22:00:00,11.601464995684553,5.213392139920967,1775.6188487810955,25.19285999447518,0
2025-02-09 23:00:00,14.916247321269179,59.24742195591175,2581.891866174967,28.93695109902221,0
2025-02-10 00:00:00,14.00491840098025,17.427278240345835,2128.95998220301,29.157602964122624,0
2025-02-10 01:00:00,14.668299841523764,12.295639963305625,2288.7578929104416,29.322886176180177,0
2025-02-10 02:00:00,14.49167762259723,14.476721993759384,2052.3113481328355,27.547051271104927,0
2025-02-10 03:00:00,16.425213157156207,17.62348851176418,2712.9680490600867,28.308302655835103,1
2025-02-10 04:00:00,16.025703034148737,25.015413595462356,2632.2559229467606,28.60380416918472,1
2025-02-10 05:00:00,16.079332171700784,26.549612662984636,2777.787386937715,28.957665213218295,1
2025-02-10 06:00:00,17.288979133731157,31.157016399456968,2929.4002022521863,31.79124552873117,1
2025-02-10 07:00:00,16.853138642574763,40.59428601849107,3100.7955482112443,29.605256930792223,1
2025-02-10 08:00:00,16.301722282628614,30.20306347887491,2809.533917103129,29.464278413780583,1
2025-02-10 09:00:00,16.981730651479303,41.21241278191522,3015.062970712518,30.0505844878678,1
2025-02-10 10:00:00,15.097953100544949,20.38913108141486,2479.2928450161016,26.50376643115933,1
2025-02-10 11:00:00,16.46352627133728,54.68971019195166,3125.130042810267,27.83963212083053,1
2025-02-10 12:00:00,13.819703442061865,26.536951811422824,2340.344437748173,25.683753925592555,0
2025-02-10 13:00:00,13.274885226912948,17.0092329841422,2212.512933549275,25.87024496002249,0
2025-02-10 14:00:00,12.997820673023183,21.337071829981944,2042.196753768195,24.796295167248953,0
2025-02-10 15:00:00,10.989658668218507,7.919723229262348,1372.3116124412652,24.1131027612029,0
2025-02-10 16:00:00,11.283549098652058,10.980445386247379,1877.967636466778,24.672621956694343,0
2025-02-10 17:00:00,10.308826984375367,10.568871521492042,1438.3554812250572,24.367678604003814,0
2025-02-10 18:00:00,10.499988120173448,6.224395621611737,1591.5044030132194,23.73621529291922,0
2025-02-10 19:00:00,10.50161514397584,2.7346741447532534,1369.4764346353547,24.54704373272217,0
2025-02-10 20:00:00,11.946582757931427,22.32443485587265,1896.1579564257956,23.35958633962241,0
2025-02-10 21:00:00,12.124322653684846,30.606216920097808,1914.7410446645913,25.69658269928767,0
2025-02-10 22:00:00,11.899873262857799,19.72052060954609,1980.0587161425592,25.252561173410747,0
2025-02-10 23:00:00,12.788469803381242,12.846708412730191,1871.4483634305627,25.64314659012701,0
2025-02-11 00:00:00,16.1872124511388,66.7750790527938,3191.4317963410595,26.04628942595633,1
2025-02-11 01:00:00,14.279948263868606,12.19770548110746,2201.608401301225,27.486780182747477,0
2025-02-11 02:00:00,15.347921304784743,27.524702345938792,2657.75775918308,30.744767108215072,1
2025-02-11 03:00:00,16.32973276443644,48.31758548801641,2763.5807048007982,29.045343819436525,1
2025-02-11 04:00:00,16.046185816802033,21.29370283338055,2606.030631318435,28.224791967981194,1
2025-02-11 05:00:00,18.18525277101403,43.094862512663404,3107.936634579473,31.000360359009267,1
2025-02-11 06:00:00,19.257818650932307,71.97805712381134,3622.438817001369,29.433685877049896,1
2025-02-11 07:00:00,17.10269725409358,33.18677516972053,2995.663731845649,30.238288284090192,1
2025-02-11 08:00:00,16.691554785178166,33.48840978342833,2791.89556857744,28.87128355084145,1
2025-02-11 09:00:00,15.089447294596178,21.209193886729004,2541.173333158555,30.65824832293147,1
2025-02-11 10:00:00,15.469711394759742,31.130628622900097,2752.0985269420016,27.79108829202485,1
2025-02-11 11:00:00,12.780528672547163,11.230438224424121,1858.114730177449,29.45388670960059,0
2025-02-11 12:00:00,14.00700715727317,13.114651896256113,2106.785794329204,25.740887298565415,0
2025-02-11 13:00:00,12.556488082428581,2.276155911000808,1671.4951047275438,25.872055201833962,0
2025-02-11 14:00:00,11.829604852567346,8.672626098511424,1596.6290948267574,27.179994943088055,0
2025-02-11 15:00:00,11.44147321675533,8.528519567039599,1640.3452685265624,25.080488726178,0
2025-02-11 16:00:00,10.739011207536725,9.45984143289905,1684.558599517004,27.127682918813456,0
2025-02-11 17:00:00,11.704259465189226,25.88681578143088,1907.6970306993232,23.779253982047173,0
2025-02-11 18:00:00,12.290817903184081,31.296551638963592,1847.1243657925493,24.308451423552807,0
2025-02-11 19:00:00,11.379100319340184,18.17601929695476,1749.29434985196,26.388401647591348,0
2025-02-11 20:00:00,11.748124430147248,24.415979383477897,1910.6430748238909,22.585215928556,0
2025-02-11 21:00:00,10.678883735373885,6.252962578643745,1548.515383363126,22.913379616622468,0
2025-02-11 22:00:00,11.956773229702605,4.662230975793636,1550.7504913256948,24.545390187348676,0
2025-02-11 23:00:00,13.022453014797993,21.496323956149002,1981.29622492474,27.199590092060415,0
2025-02-12 00:00:00,12.526918896931612,3.9062586566189643,1970.85505768332,25.068178580001685,0
2025-02-12 01:00:00,13.519521982775867,8.546145170274908,2078.1825179706643,28.492916003181858,0
2025-02-12 02:00:00,14.68828206304054,24.708774380758435,2369.2160724859905,29.132048033386724,0
2025-02-12 03:00:00,15.339492754280228,22.67632366076564,2359.543676225951,31.538588623401935,1
2025-02-12 04:00:00,16.413606961316603,24.871362103944506,2780.516994014781,30.852658121968133,1
2025-02-12 05:00:00,16.041699534982858,21.691806023785716,2607.802010900969,30.334637763864528,1
2025-02-12 06:00:00,17.510413414237764,37.842877678338894,3020.8183288888176,31.630959522183552,1
2025-02-12 07:00:00,16.953412979343923,29.682965517165293,2966.0211213018106,30.544462208205083,1
2025-02-12 08:00:00,17.482938219185023,47.913194803590656,2938.379271134429,29.04599214580065,1
2025-02-12 09:00:00,16.270694841581175,36.2087596436913,2799.8945785181872,27.747793411101078,1
2025-02-12 10:00:00,15.898755913382251,20.016984271120222,2389.8224193339097,27.816761275568368,1
2025-02-12 11:00:00,13.571236667190394,6.004634646309284,2083.0620912601903,27.728368485851064,0
2025-02-12 12:00:00,13.418796173679025,14.745122528655584,2214.1114053262563,27.210022086419546,0
2025-02-12 13:00:00,12.197830321272804,13.557891883696083,1755.0983135957792,23.661308146988322,0
2025-02-12 14:00:00,11.491563067809771,0.524647211712448,1627.8194036555117,25.23652759809118,0
2025-02-12 15:00:00,11.605130860044513,19.96999422751938,1929.6893585013327,24.912977779899773,0
2025-02-12 16:00:00,10.740868899935606,3.738705729803158,1411.9187535694311,25.058968722502534,0
2025-02-12 17:00:00,11.297950353480292,31.87293846360778,1874.2563400532338,26.05438358014043,0
2025-02-12 18:00:00,10.939469826143762,12.800916586717435,1580.6304228391045,24.222784242534324,0
2025-02-12 19:00:00,10.274454365454124,7.324493686538364,1490.2560225599307,23.010747069635528,0
2025-02-12 20:00:00,11.349646710968694,16.684154682825984,1737.1843952827044,22.220228528324924,0
2025-02-12 21:00:00,11.999819218128438,15.779786455041984,1797.836428765633,25.703092806175245,0
2025-02-12 22:00:00,12.733090618092517,15.262198614240472,1706.8828983824353,24.457095168627013,0
2025-02-12 23:00:00,13.38165415363118,28.59220971711523,2304.082232081422,27.263747237286143,0
2025-02-13 00:00:00,13.779976443553899,17.597129022838825,2256.7623018739187,28.676904182595027,0
2025-02-13 01:00:00,13.790617044633965,11.812714638287844,2164.368333283273,25.923567416132528,0
2025-02-13 02:00:00,14.52039109621752,20.67884900316728,2242.920645271051,29.164671070510757,0
2025-02-13 03:00:00,17.14257474211146,55.280743772242865,3134.837293773637,30.672467235966874,1
2025-02-13 04:00:00,16.402917914066048,23.314233343757667,2675.997607312716,30.820923401689594,1
2025-02-13 05:00:00,16.83937871064556,39.01370491690692,2847.8575731144438,27.38212215457468,1
2025-02-13 06:00:00,18.43104434413448,49.443757424943925,3146.771066019749,28.975617546247555,1
2025-02-13 07:00:00,17.148947448292162,40.667871235522,2845.8602688769065,28.36156087196671,1
2025-02-13 08:00:00,16.38642200982022,32.14899669277992,2884.5697093606327,30.226243517529785,1
2025-02-13 09:00:00,16.041185771095705,31.11928994290706,2733.6152473538464,29.617312291742234,1
2025-02-13 10:00:00,15.128135050410567,32.498656097865876,2437.481829983896,25.262529746471365,1
2025-02-13 11:00:00,14.239936250166329,11.089681042041924,2171.199564697843,27.415459189714095,0
2025-02-13 12:00:00,12.907473397247172,13.639978937440894,2038.7385471871153,27.960863796409413,0
2025-02-13 13:00:00,15.188438617519187,66.49534664933685,2929.4764310673413,26.40111405416144,1
2025-02-13 14:00:00,12.228385400807912,20.21778989439628,1866.9363260484868,25.67552030339986,0
2025-02-13 15:00:00,11.753566302724561,15.309054787355795,1625.8320674899683,24.440687232377908,0
2025-02-13 16:00:00,11.224573958939656,9.649474786643921,1448.1764890924471,23.13119465935715,0
2025-02-13 17:00:00,10.865605170548744,5.9889232563988,1360.2572794848338,24.081755532464204,0
2025-02-13 18:00:00,11.221329118487974,17.48077202152167,1616.9129079771155,24.06251214148215,0
2025-02-13 19:00:00,11.203597846994665,18.556596945437466,1668.810847724312,24.84052794553232,0
2025-02-13 20:00:00,11.361544552887054,12.804830131704893,1574.5878551414921,25.237723697801215,0
2025-02-13 21:00:00,14.971626749194694,86.42878356287096,2951.3663676588185,24.98171335943623,1
2025-02-13 22:00:00,11.15112473932311,6.59181719555699,1626.4843173593683,26.813890037501796,0
2025-02-13 23:00:00,12.88194373523386,4.991357029770573,2061.3618782454464,25.77363326292954,0
2025-02-14 00:00:00,12.768557916850055,9.788307101240145,1883.702509642518,25.2671705161442,0
2025-02-14 01:00:00,14.195162188938586,18.369242406061367,2193.0992448348075,28.34892153860932,0
2025-02-14 02:00:00,15.417219909845139,15.643039722636093,2726.8372080116183,28.651655465267048,1
2025-02-14 03:00:00,16.278613102556918,31.255241314131872,2766.669330542909,29.71763816237545,1
2025-02-14 04:00:00,16.817884875500727,36.0880606568378,2717.000113806855,28.080734593413794,1
2025-02-14 05:00:00,17.85572520974357,44.06361729813496,3177.2304889882353,32.04673278520046,1
2025-02-14 06:00:00,16.614718716187994,28.26972492488255,2699.650381943748,30.85260289639637,1
2025-02-14 07:00:00,18.20295817341054,57.861939021332624,3433.565196465138,29.552181209668284,1
2025-02-14 08:00:00,17.020019934849145,40.71730267082095,2940.6086764425077,28.4755324361957,1
2025-02-14 09:00:00,15.315611406887554,20.58683639946909,2471.3409438449953,30.41390443607838,1
2025-02-14 10:00:00,15.017662759021503,15.614264254507052,2524.1565528404417,27.1778762615234,1
2025-02-14 11:00:00,15.06070038413811,15.640529780267121,2278.907220915179,30.49009492505805,1
2025-02-14 12:00:00,13.90776599862286,18.807134415710713,2255.2871519766945,26.264154072120782,0
2025-02-14 13:00:00,13.356092752230218,21.20619749647478,2104.492393927699,28.28814912221929,0
2025-02-14 14:00:00,12.348104538567616,23.360552837683397,1917.1566082231188,25.278631457912677,0
2025-02-14 15:00:00,14.610632588399126,63.41709730479499,2661.3168913240293,26.775575707024778,0
2025-02-14 16:00:00,11.009570530412182,1.3883617803894206,1537.0836572769294,23.52008158045489,0
2025-02-14 17:00:00,11.140298724825225,12.479826300628055,1557.8425254888784,24.124826175388844,0
2025-02-14 18:00:00,13.637231232545867,59.5859267257203,2588.7437935845464,24.965699196204678,0
2025-02-14 19:00:00,12.03547446708692,25.677703823417296,1881.2942200612001,24.896715085167745,0
2025-02-14 20:00:00,11.1521794847287,4.63234320057083,1475.8073816906538,25.722837989036172,0
2025-02-14 21:00:00,11.878017803885257,16.364285471596368,1771.1821316175883,24.293713118678415,0
2025-02-14 22:00:00,12.028429361267357,11.790584341410156,1778.6989736214887,25.60177004741972,0
2025-02-14 23:00:00,12.675564905678044,11.392406828118755,1725.505146083472,27.721609155890086,0
2025-02-15 00:00:00,12.834092207408334,8.106592204265691,1935.109996179748,26.153693397937246,0
2025-02-15 01:00:00,14.244515705473106,20.386570332403746,2322.9101667754426,28.463506408649494,0
2025-02-15 02:00:00,16.130622353571304,43.202072658936956,2777.707093308888,28.237007712266735,1
2025-02-15 03:00:00,15.238689589295857,23.0229337391312,2608.4874401421866,29.368369271458693,1
2025-02-15 04:00:00,17.28334100583805,40.82427492028499,2970.4065492999557,29.699536471050614,1
2025-02-15 05:00:00,17.419294287022165,46.2652510735966,3208.580459401123,28.951837697925235,1
2025-02-15 06:00:00,18.259656693121993,58.30276482655162,3429.023252605817,29.687168169453063,1
2025-02-15 07:00:00,16.420039919346248,24.823564408611247,2749.845467009717,30.07169618135925,1
2025-02-15 08:00:00,16.31034654514942,31.46719306658278,2635.356630134468,29.474807412898752,1
2025-02-15 09:00:00,15.829970869664397,21.30027822313522,2751.845127251442,31.008603483312694,1
2025-02-15 10:00:00,15.241517622736671,25.23594839708676,2487.220151319038,29.711946668179714,1
2025-02-15 11:00:00,14.384223612586226,20.32082497994208,2285.477997746813,28.124433733499828,0
2025-02-15 12:00:00,12.714141660135711,4.03662884980196,1831.556817452516,26.084224580736638,0
2025-02-15 13:00:00,12.554670893845472,16.048690273852152,1900.857503650217,25.23471515441491,0
2025-02-15 14:00:00,15.44593110335982,65.74150918102018,2918.634131018425,27.868573242336485,1
2025-02-15 15:00:00,11.621373207440145,21.275562163007258,1995.7320467871823,23.6668171331537,0
2025-02-15 16:00:00,10.669412312280524,3.067323595954992,1475.5263312643003,24.538555330427368,0
2025-02-15 17:00:00,10.342980989975198,5.117533007214121,1396.2526624536295,24.53536097835119,0
2025-02-15 18:00:00,11.089042822459222,13.499310368053843,1617.2817448266196,23.626411618220033,0
2025-02-15 19:00:00,10.087288892469486,5.25777176430449,1420.53261642527,22.899578003639956,0
2025-02-15 20:00:00,12.21817480224518,36.74452518397578,2005.562001220572,23.460047821838895,0
2025-02-15 21:00:00,11.06178077674107,2.59138313639504,1533.6642164425984,24.222873653675535,0
2025-02-15 22:00:00,12.779383316764676,21.3994159250733,1882.2505570178475,24.648608557082554,0
2025-02-15 23:00:00,12.282632019371713,1.8761062850738388,1734.6321022604916,27.81680733650962,0
2025-02-16 00:00:00,13.073461628130374,13.30285239960006,2063.9578542673844,26.989048807832766,0
2025-02-16 01:00:00,13.82045723596131,9.580446206532606,2174.20987681979,27.14789581393038,0
2025-02-16 02:00:00,15.933811605211158,34.700785610741875,2600.317706096277,28.628349652640626,1
2025-02-16 03:00:00,16.67680628720334,46.27099829686131,3071.647722281962,29.922867429913538,1
2025-02-16 04:00:00,16.597774765348394,36.07960259501807,2773.688169448472,29.18453256408415,1
2025-02-16 05:00:00,17.792858311156103,52.606645907089835,3161.174541277605,30.98015503307832,1
2025-02-16 06:00:00,16.09281483133454,20.264543460711568,2601.290775195319,28.47462387077213,1
2025-02-16 07:00:00,17.608609199368296,35.187348586898935,2787.6889750238765,31.30334183740692,1
2025-02-16 08:00:00,16.967717632252544,38.468328450520225,3047.322088007866,29.587333403626673,1
2025-02-16 09:00:00,16.41893228733353,37.60211333099323,2714.105133408378,29.063705521457578,1
2025-02-16 10:00:00,15.185539477567549,30.119899122431057,2508.2882237149815,27.668382810642314,1
2025-02-16 11:00:00,15.255207802154397,29.05618176260733,2603.0697195365838,26.30303697869143,1
2025-02-16 12:00:00,13.675430857179094,15.70960508571302,2014.3029673204144,24.999993677021642,0
2025-02-16 13:00:00,11.991427375876517,3.10905452378006,1703.9763366602226,25.308210861952777,0
2025-02-16 14:00:00,11.644696648924693,8.04370026259971,1573.3431246168188,26.205207864722873,0
2025-02-16 15:00:00,12.696480219126233,36.889523552828614,2210.4121782723673,23.725145549674785,0
2025-02-16 16:00:00,12.056263559886052,33.760326138402746,2076.2815179019585,22.543785965777516,0
2025-02-16 17:00:00,11.76380620340549,20.824387845198817,1780.5495765638575,23.01134414812745,0
2025-02-16 18:00:00,11.387110407767512,25.12606389341724,1816.7727294647837,23.53820001899482,0
2025-02-16 19:00:00,11.124209421980753,30.73380649205413,1879.076297034773,23.687621053937946,0
2025-02-16 20:00:00,11.999306859995626,20.62408832205243,1675.2956878721602,24.24725229875533,0
2025-02-16 21:00:00,12.386264930278184,36.090582585049496,1998.2807791376888,26.117807271702578,0
2025-02-16 22:00:00,13.412543025704784,35.178306615617444,2337.998182292511,26.99910532570977,0
2025-02-16 23:00:00,13.106717265461437,8.399405959880397,1913.5562973337783,28.630097871159627,0
2025-02-17 00:00:00,12.97773970034696,8.55879018267893,1870.8617160241747,25.050111219961746,0
2025-02-17 01:00:00,14.593730001286161,24.530244204908122,2375.733730426364,26.749396430903847,0
2025-02-17 02:00:00,17.03918677527501,67.0511424111041,3220.906752241684,29.338182188471777,1
2025-02-17 03:00:00,16.535862449965954,52.428234516453855,2961.876327204746,28.576482884929565,1
2025-02-17 04:00:00,17.23021823174594,44.99600160928155,3064.2588960538405,30.63101997517238,1
2025-02-17 05:00:00,18.296859846903683,59.60951417706049,3306.075048622919,30.146313595004994,1
2025-02-17 06:00:00,17.326393965086815,41.46524889532321,2932.0700801603352,31.895045052044157,1
2025-02-17 07:00:00,16.3075219145619,29.904485411750507,2643.747744059038,31.149036815586463,1
2025-02-17 08:00:00,19.044713223459052,84.84145642387878,3572.502497497351,30.871296163224063,1
2025-02-17 09:00:00,15.669388691230314,34.31319424592296,2726.61975169654,28.627074413127264,1
2025-02-17 10:00:00,16.41641860115015,44.59010749265279,2842.410538416768,28.38304698483812,1
2025-02-17 11:00:00,13.533494704570952,5.435356383801988,1922.209840240223,27.410152986226763,0
2025-02-17 12:00:00,13.43199764418553,0.4378130567763476,1885.969366340842,25.192929427620115,0
2025-02-17 13:00:00,12.87876003657553,16.31352086882797,1956.3682680737113,27.98966597128722,0
2025-02-17 14:00:00,11.519581415833118,5.260439722484996,1713.914152276561,26.394464770611812,0
2025-02-17 15:00:00,11.767006371153334,17.659029723834713,1742.3598496132374,24.4646471075433,0
2025-02-17 16:00:00,10.696031297490487,8.546484451592416,1426.3699020115973,25.96743479759869,0
2025-02-17 17:00:00,15.02759911304385,89.22608551240181,2936.800734615334,23.34578134503622,1
2025-02-17 18:00:00,11.619980120175383,32.48449834271394,1733.2000287266524,21.79423863785367,0
2025-02-17 19:00:00,12.205717429847223,43.263718528568816,2160.5166428460952,25.31106622460509,0
2025-02-17 20:00:00,9.867884604865719,0.6857543874344574,1266.8729723000276,22.8676515089075,0
2025-02-17 21:00:00,12.564638131567017,27.377040538977994,2049.4212422923306,24.643749097691497,0
2025-02-17 22:00:00,12.39449465065669,11.836198512683179,1722.436883679255,25.747347648940437,0
2025-02-17 23:00:00,14.537209646582951,43.887265643137056,2588.065280982387,26.686101278378896,0
2025-02-18 00:00:00,14.00326851329323,24.25675925121337,2101.906883891237,28.01808126744452,0
2025-02-18 01:00:00,14.514186181917692,18.6991041687765,2184.6610335017776,28.473478846828566,0
2025-02-18 02:00:00,14.82934380899796,13.571883938976994,2340.006104523417,29.159871031874445,0
2025-02-18 03:00:00,16.038767006533767,30.178897770185586,2837.23320166783,28.172418205091883,1
2025-02-18 04:00:00,18.052653225065047,53.57127723854647,3397.288761183838,29.951168480074454,1
2025-02-18 05:00:00,17.05269144906477,29.23101569778703,2814.085135346409,28.091117514807102,1
2025-02-18 06:00:00,20.894937973600186,99.13801144574221,4305.01368171777,31.874565238143397,1
2025-02-18 07:00:00,18.113124819354894,53.416922662264305,3209.7077750862413,28.214699690285343,1
2025-02-18 08:00:00,16.148279316584834,22.70961995032164,2773.637975681566,29.1823484048457,1
2025-02-18 09:00:00,15.217824455936086,18.17309367859086,2367.6073571727893,27.538671256727483,1
2025-02-18 10:00:00,15.18836573464747,22.56438147465586,2506.5829273674135,27.62380045696132,1
2025-02-18 11:00:00,13.70640299180268,15.063857209740664,1919.5557874238064,27.79257123382595,0
2025-02-18 12:00:00,13.972170457102266,21.609025853770436,2054.3715439695043,26.365490281780865,0
2025-02-18 13:00:00,12.176974001965542,14.559862727381699,1988.6692223113089,27.596638374467226,0
2025-02-18 14:00:00,11.756590180015449,10.743609269941935,1585.8923045948943,25.77228121915537,0
2025-02-18 15:00:00,11.056400359101358,2.048473728720459,1534.5530898183956,24.32318798136604,0
2025-02-18 16:00:00,11.53656008114713,24.86947579777712,1923.4128369652635,24.241625472677896,0
2025-02-18 17:00:00,10.441112432563353,1.7871299867988641,1289.0470034916493,25.565863069599903,0
2025-02-18 18:00:00,11.535870636952367,34.18523512610001,1799.0598775888964,25.09064505994136,0
2025-02-18 19:00:00,10.08924799188555,0.8619660496632504,1275.650081846833,22.735697448314287,0
2025-02-18 20:00:00,10.956896295205757,1.6244753842890098,1280.3303767228779,23.585141731679144,0
2025-02-18 21:00:00,11.460367074966648,5.359917549490338,1530.7794983356414,25.4484274388616,0
2025-02-18 22:00:00,12.084649023822688,9.017819799988622,1724.5716313863434,25.924039903232316,0
2025-02-18 23:00:00,12.473568733773641,7.200116164406481,1763.4713536364466,24.963085015013963,0
2025-02-19 00:00:00,13.41881949040556,8.977669882800393,2162.521166712809,27.89895190716785,0
2025-02-19 01:00:00,15.033910509677543,23.146181780746176,2259.7123362422426,26.707408167083816,1
2025-02-19 02:00:00,15.272543073267524,15.508361760952505,2496.1224932077757,30.064592128627567,1
2025-02-19 03:00:00,15.768285782168801,32.258683209016844,2609.2609799981205,29.756659331059172,1
2025-02-19 04:00:00,15.676021537429598,22.588220743367252,2648.3339836658156,28.23976687057845,1
2025-02-19 05:00:00,16.62846455642535,20.814294716399743,2799.5928670654994,29.26288543711112,1
2025-02-19 06:00:00,18.23852300885957,53.877681931105904,3405.5611330303045,29.344247262565652,1
2025-02-19 07:00:00,15.995822662959942,25.7123014921671,2695.3533922795177,30.089629544430025,1
2025-02-19 08:00:00,17.264854721434855,40.92310658573446,3036.2369868440064,29.35330393373836,1
2025-02-19 09:00:00,15.289748993966922,15.221588749521127,2478.083478124366,27.74673364750153,1
2025-02-19 10:00:00,16.908943384534307,55.22947998120672,2979.337938230594,26.82688902453292,1
2025-02-19 11:00:00,14.670725679875066,20.525847342360038,2372.788767171508,28.435285136584984,0
2025-02-19 12:00:00,13.569480343403766,13.782903055721597,2271.591315649267,27.343484237476957,0
2025-02-19 13:00:00,12.423300193722845,2.087100186454816,1764.7623606124591,26.350187933338578,0
2025-02-19 14:00:00,11.612325939835467,4.514486853716946,1699.2235288553725,25.824878230752475,0
2025-02-19 15:00:00,11.464414658518916,11.084877238898859,1726.6329970909972,24.135976679410355,0
2025-02-19 16:00:00,10.315069755658453,4.7325335888288125,1276.855709824085,24.62271461797687,0
2025-02-19 17:00:00,12.285272639886719,31.274052450092878,1935.1969917418924,27.148429199113917,0
2025-02-19 18:00:00,10.659097493621703,14.928575644402848,1446.703212618628,25.40948054489657,0
2025-02-19 19:00:00,10.792309079868451,4.80512753965249,1332.7429496854695,23.756132379980958,0
2025-02-19 20:00:00,12.847469367858649,27.53152241997975,2121.9877154100427,23.773877692125232,0
2025-02-19 21:00:00,11.132465936237628,9.669058828043983,1590.0982751524525,21.446152379450428,0
2025-02-19 22:00:00,11.794471962356637,26.519267221898303,1938.5259174788557,26.7824329835816,0
2025-02-19 23:00:00,12.984458116043541,8.14671065137217,1955.5411786416025,27.167469289222193,0
2025-02-20 00:00:00,13.58384467310319,22.250348131208764,2086.7850260206733,26.347406436868216,0
2025-02-20 01:00:00,13.77364579506468,14.50093461436738,2136.7360483070897,26.058407915854875,0
2025-02-20 02:00:00,16.16992469226924,41.28289872841495,2942.9784372698173,27.113679068172377,1
2025-02-20 03:00:00,15.180226953452049,15.266358578476616,2433.4799528427975,29.65459777853489,1
2025-02-20 04:00:00,16.083432491535195,20.51917793845303,2414.966259369185,29.490867330958267,1
2025-02-20 05:00:00,16.942251079475145,31.408629232013492,2913.5969930394895,30.72768789999593,1
2025-02-20 06:00:00,16.953358723085596,26.72390370810635,2733.454360900333,30.10373176604182,1
2025-02-20 07:00:00,17.06274486343382,28.349898135339785,2978.043257964286,31.057888077407025,1
2025-02-20 08:00:00,16.878645454500504,41.7723758194133,2912.1730329255593,30.04156637982399,1
2025-02-20 09:00:00,15.770009278862704,22.976412933251048,2693.275940238916,30.115874799752532,1
2025-02-20 10:00:00,15.955104599736783,28.692237090115693,2779.5440315059795,25.992379906893742,1
2025-02-20 11:00:00,13.993733194531297,10.399744634732595,2014.491739119067,26.29524245071066,0
2025-02-20 12:00:00,13.00204779493014,0.7266987106986909,1789.8950143015977,26.562777996134873,0
2025-02-20 13:00:00,13.403482586443976,26.38423376004087,2192.1417180268095,27.519025406572727,0
2025-02-20 14:00:00,14.090180169366675,53.21039707509813,2404.9056570452617,27.756635671281266,0
2025-02-20 15:00:00,12.005351397785047,17.01170147358969,1785.0926295362945,24.68159671757619,0
2025-02-20 16:00:00,10.998430543602415,12.73981697663141,1569.3135691864347,23.668027711980915,0
2025-02-20 17:00:00,10.65489580091169,15.434631364931459,1565.452342833031,21.75626026802345,0
2025-02-20 18:00:00,12.024290282879377,40.52620561927992,2035.344308272012,25.036276516887796,0
2025-02-20 19:00:00,11.071534502153982,17.19477582983393,1635.0948176619036,23.44199383089942,0
2025-02-20 20:00:00,12.147178955931123,27.44967414195499,1880.747124952096,27.951925391876472,0
2025-02-20 21:00:00,12.542680162031175,26.459575914758485,1850.859814417569,23.991394952398966,0
2025-02-20 22:00:00,12.656540367030026,33.428566154489346,2085.093583858822,28.0263301162327,0
2025-02-20 23:00:00,12.488239184128238,12.47648114052036,1880.9366273191404,27.121583724997482,0
2025-02-21 00:00:00,13.002142611113925,8.029956454911414,1939.1682992401002,25.7660827208143,0
2025-02-21 01:00:00,14.956600611227907,27.638265725286605,2374.23638481282,28.055029681679834,0
2025-02-21 02:00:00,16.036295110918754,41.56575261461204,2837.056304113338,29.42565663186055,1
2025-02-21 03:00:00,16.678749735002395,50.60008188889359,2846.583454752337,28.851017712539758,1
2025-02-21 04:00:00,17.56460380095174,61.756167712502986,3256.9677696481886,30.60365546401601,1
2025-02-21 05:00:00,17.78677920209501,48.63525305735395,3124.806129032566,30.876926070085617,1
2025-02-21 06:00:00,16.480686270837456,27.561667824652513,2693.3761984000726,30.71560620071296,1
2025-02-21 07:00:00,17.14837625025179,36.311985789287235,3132.0824191287734,29.878009437210213,1
2025-02-21 08:00:00,16.549198117602153,32.98638794011464,2829.0311064212788,28.188148104185974,1
2025-02-21 09:00:00,16.34385809225374,28.2849732224616,2683.895269984691,29.029177892989363,1
2025-02-21 10:00:00,15.276569805828899,32.500334726125566,2577.0183401144254,28.711277596459137,1
2025-02-21 11:00:00,13.966171453609537,16.567711223006988,2225.7348541206225,25.52519609006212,0
2025-02-21 12:00:00,13.450130053867403,11.407691215425565,1859.5080261613473,27.203082379189706,0
2025-02-21 13:00:00,14.926637344352363,55.66270245106139,2652.141077236446,26.107381346920327,0
2025-02-21 14:00:00,12.13908848413926,13.111995620632523,1673.5749097399002,23.94404871505809,0
2025-02-21 15:00:00,12.69577184542813,33.2365617251581,2011.4162902888343,24.47907198761026,0
2025-02-21 16:00:00,11.828811764437408,34.78003637904407,1685.8379649742874,24.027708172445603,0
2025-02-21 17:00:00,10.835039963353168,17.416944877975023,1495.1817096457914,26.418335961324885,0
2025-02-21 18:00:00,11.279299285008289,11.85240625866468,1689.0144811976843,24.26414201541284,0
2025-02-21 19:00:00,11.020045016237455,5.480448232536421,1515.332884934023,25.345476822710292,0
2025-02-21 20:00:00,11.14502593899994,1.7443679630905944,1556.6706417532343,24.260545423257877,0
2025-02-21 21:00:00,12.032740665893204,23.879127297547274,2042.7974531230843,22.629979836238235,0
2025-02-21 22:00:00,12.976447484944556,19.97762390849332,1990.3557212526164,26.306810218585944,0
2025-02-21 23:00:00,13.249311233705651,26.888398814319252,2100.237413860993,25.43371878918741,0
2025-02-22 00:00:00,12.733353955481101,8.587845905237007,1830.1111127423992,26.597279844014555,0
2025-02-22 01:00:00,16.900470282066994,65.09357686740857,3238.7032588185625,26.512891636368902,1
2025-02-22 02:00:00,15.87544359267194,31.52851589822393,2625.2614430945073,28.58732143670557,1
2025-02-22 03:00:00,16.507037235703592,26.785607336937705,2934.977060623976,30.39953437750655,1
2025-02-22 04:00:00,16.16741989704456,26.94978224293204,2674.2970251437036,30.717361941522856,1
2025-02-22 05:00:00,18.227237420550427,47.26356826133501,3370.4546444222224,31.8012048882094,1
2025-02-22 06:00:00,18.56872992930217,63.5575822576841,3425.2214657548234,32.073551349544935,1
2025-02-22 07:00:00,16.995757404774025,33.92402384407927,3053.92117400901,27.442728402557364,1
2025-02-22 08:00:00,18.454560766963912,66.40773191344866,3631.9548848021827,28.165731538238315,1
2025-02-22 09:00:00,15.43739068069335,19.140940815647262,2375.3363338932463,26.951490449567824,1
2025-02-22 10:00:00,15.449174538735573,30.504413722549643,2540.879677610995,29.25831649246754,1
2025-02-22 11:00:00,14.12295495782782,26.183734605119415,2276.759238359588,26.94475899474859,0
2025-02-22 12:00:00,13.982860669011483,24.040427480329335,2085.1343560549385,26.41298360178727,0
2025-02-22 13:00:00,12.874375113287988,16.507195265233527,2047.768014285958,25.96362594637962,0
2025-02-22 14:00:00,12.883640996359283,19.54611939629842,1878.2347447034795,25.959084825708846,0
2025-02-22 15:00:00,10.737873788381009,4.85513726497784,1540.123038959153,23.096294398832665,0
2025-02-22 16:00:00,12.637532875675577,40.38436903745551,2160.6546369787775,22.89128763348581,0
2025-02-22 17:00:00,11.287302642760762,30.668008369198727,1646.1748174552542,24.10377796897013,0
2025-02-22 18:00:00,11.070878385338395,18.882447321910096,1794.2959722692283,25.438495123385362,0
2025-02-22 19:00:00,11.652896808531759,31.247727499954134,1837.604882253844,24.07174563723146,0
2025-02-22 20:00:00,13.270703005842709,41.385870531905724,2175.821124430631,23.45193214098827,0
2025-02-22 21:00:00,12.286556850986983,23.748841940918204,1948.4113050506685,22.300829240035128,0
2025-02-22 22:00:00,14.801629346122272,64.75766109277039,2880.1334869615175,26.643210702072274,0
2025-02-22 23:00:00,12.79460224640791,25.42410892926044,2115.6415516414568,25.34042488542382,0
2025-02-23 00:00:00,12.103705722945609,5.814792874570312,1649.829776657111,25.623075701097918,0
2025-02-23 01:00:00,14.417493157563385,23.23385702627057,2354.474262638532,25.71806686355687,0
2025-02-23 02:00:00,16.01700861426564,42.23053413534858,2834.234437415672,26.77307902662967,1
2025-02-23 03:00:00,17.138800282940284,55.55884918135037,3029.5013727607534,27.967863279014942,1
2025-02-23 04:00:00,16.02879582567393,34.144959006855316,2865.3208425475605,29.311457727920292,1
2025-02-23 05:00:00,16.350352766864198,24.610186665226536,2682.6240609514543,28.447287433154404,1
2025-02-23 06:00:00,16.96005274862916,31.60441397992072,2707.7489777246715,30.222849645057163,1
2025-02-23 07:00:00,16.92436436326607,22.183343286884806,2762.841279709575,29.602040190965482,1
2025-02-23 08:00:00,16.575502454540292,44.941193200513965,2974.3071613937336,32.26446695837474,1
2025-02-23 09:00:00,15.419295977932213,23.648841775595454,2530.4670367855383,27.075988603888415,1
2025-02-23 10:00:00,14.515028724334208,16.91467452188786,2298.954679719546,28.693775316374946,0
2025-02-23 11:00:00,15.447611875215378,35.029244892358555,2708.193362309424,27.985263122156784,1
2025-02-23 12:00:00,14.840535819861858,48.34293210276848,2665.262838437034,25.76333111529227,0
2025-02-23 13:00:00,12.916762322854067,6.881422029792786,1803.9480524505123,26.337845741629415,0
2025-02-23 14:00:00,12.238768868620886,16.923589132783007,1801.7482658637264,26.42351323968806,0
2025-02-23 15:00:00,11.571616482856895,12.083973724355527,1719.502155115711,24.99446943550974,0
2025-02-23 16:00:00,13.443132952786954,42.90012237656282,2301.107666700002,26.063279250430547,0
2025-02-23 17:00:00,11.048462436611107,13.457166033186187,1637.0093735511946,21.488997379418368,0
2025-02-23 18:00:00,10.63879385569592,4.712822705885362,1467.2548440661192,22.989319904636737,0
2025-02-23 19:00:00,10.85236458664231,14.069105550151484,1643.0286114643125,25.872289777809918,0
2025-02-23 20:00:00,11.714743983714978,36.2058280514928,1853.0630858373104,25.4963553885633,0
2025-02-23 21:00:00,11.149175884252433,11.405924142985347,1546.618984176567,25.52729370995991,0
2025-02-23 22:00:00,12.444720609606035,7.702415168664038,1664.044985804038,26.979858487823233,0
2025-02-23 23:00:00,12.769606275859765,12.891232385266033,1815.5289752843512,23.923673410250373,0
2025-02-24 00:00:00,12.845526330886837,4.899664311724482,1760.4495146403074,27.954732795267304,0
2025-02-24 01:00:00,13.626836494904003,17.245222698170878,2015.1624422138582,29.053701330210814,0
2025-02-24 02:00:00,14.959786243472776,18.34204349118825,2218.5732772652873,27.709559800589087,0
2025-02-24 03:00:00,18.609556358746797,87.69070479494061,3701.2030100210923,32.27640488502911,1
2025-02-24 04:00:00,15.627248389632475,23.105717132967992,2640.5844462673645,29.83369496822771,1
2025-02-24 05:00:00,16.25745333285211,27.014582545826357,2674.0589458337417,27.266454627856966,1
2025-02-24 06:00:00,17.14745109438893,24.940332356106044,2758.397007931896,30.457526397520503,1
2025-02-24 07:00:00,17.734158939924445,39.99557439486591,2950.823215343118,29.033945442879943,1
2025-02-24 08:00:00,16.220711557045878,24.065665579680946,2797.063512811342,30.99607054006876,1
2025-02-24 09:00:00,15.134365345195729,16.58837300295934,2432.749012963564,29.778853183629217,1
2025-02-24 10:00:00,14.93927075865355,25.59691946478947,2594.3042561344405,27.78249351326871,0
2025-02-24 11:00:00,14.249131691610037,15.945296764030052,2240.8105157791592,29.57939943722301,0
2025-02-24 12:00:00,12.865668561835689,7.1045677558285485,1759.6336948956464,28.127341567175286,0
2025-02-24 13:00:00,14.448664194975438,42.07892991077714,2417.132234754282,25.230038879474,0
2025-02-24 14:00:00,12.582232909434564,21.277557563771758,1784.7211442284586,25.317545903327037,0
2025-02-24 15:00:00,11.821356250425833,19.291670550575784,1780.7221787310643,25.49897980535728,0
2025-02-24 16:00:00,11.65178781714391,21.682072720536024,1667.8489090097473,23.964807873319543,0
2025-02-24 17:00:00,11.17431601692956,20.7474074671804,1736.3259852828894,23.700943236516085,0
2025-02-24 18:00:00,10.658114802205102,11.319727364246404,1342.6725720604911,24.044070033917382,0
2025-02-24 19:00:00,10.442259438448614,6.824876738285211,1441.6490871781277,22.8232642202879,0
2025-02-24 20:00:00,11.559860443425713,15.910631988934771,1722.0685438161834,21.722605382354285,0
2025-02-24 21:00:00,11.751853363094348,11.116501058823998,1755.4550967826315,25.165641491238762,0
2025-02-24 22:00:00,11.538523602162494,4.431398286022232,1538.0650382022893,23.11332006084575,0
2025-02-24 23:00:00,12.789849637391312,9.774636768416219,1848.664055945092,25.031896420918773,0
2025-02-25 00:00:00,13.841295151203013,30.37054649013684,2368.767473571856,24.87410116926174,0
2025-02-25 01:00:00,14.418800024681905,21.150069131137702,2495.7659204568517,25.79832379799388,0
2025-02-25 02:00:00,14.435212113345585,15.53595050666279,2151.8875018299245,29.011626208943213,0
2025-02-25 03:00:00,14.847818158251988,18.10910270463689,2370.184933868204,28.854550545487506,0
2025-02-25 04:00:00,18.047581284009045,53.00908865447424,3523.711796801082,29.287995664791545,1
2025-02-25 05:00:00,16.621701580321943,31.156486979233925,2811.0080046960275,28.31869533851839,1
2025-02-25 06:00:00,16.996767446490423,32.58156146678859,2659.548849213802,29.212981093393726,1
2025-02-25 07:00:00,17.421153232935865,44.618101750268096,3016.182727447586,30.349523669919467,1
2025-02-25 08:00:00,15.817664305007533,21.13207370003193,2281.1252419170655,29.535571492985486,1
2025-02-25 09:00:00,16.146869539525166,29.03613660796917,2705.114335031467,30.108529216810084,1
2025-02-25 10:00:00,15.322738400944024,26.205333181990795,2618.870168509229,29.65811041455115,1
2025-02-25 11:00:00,13.719114034950703,9.290570294724384,1987.2403027160544,27.47379330539774,0
2025-02-25 12:00:00,14.823526076229188,38.25824003951536,2432.161450041097,24.777300856895415,0
2025-02-25 13:00:00,13.420207732436404,16.459964452856273,2077.708336244447,25.315568985813126,0
2025-02-25 14:00:00,11.575905082470552,9.72378625044626,1515.0022967264981,25.382772862952734,0
2025-02-25 15:00:00,10.784340195084518,11.915355739652934,1502.3344672565458,23.94689519403549,0
2025-02-25 16:00:00,10.1003040120293,3.1744269541340615,1396.7531614763234,23.136374735046218,0
2025-02-25 17:00:00,10.159393250378153,2.997080022968486,1280.7043467728827,24.185925262200993,0
2025-02-25 18:00:00,9.854464969675597,8.821758876254496,1423.5276320757505,26.916363723279936,0
2025-02-25 19:00:00,11.036817438282498,9.401384867149694,1334.6119761353705,23.5163968466891,0
2025-02-25 20:00:00,11.290024092655786,11.167932219621187,1593.727696371545,24.39855676565657,0
2025-02-25 21:00:00,12.806363191322985,40.9047604140447,2164.824326637918,23.304236603763087,0
2025-02-25 22:00:00,12.44845882752751,24.182669553236,2051.1909112661983,26.992081266049734,0
2025-02-25 23:00:00,12.451657796308046,1.2911292776969752,1717.8787445049095,27.27323451671408,0
2025-02-26 00:00:00,14.226347900784463,35.062208354433004,2455.92255907931,27.966880967359057,0
2025-02-26 01:00:00,13.518370529957933,13.926640727735638,2006.5321731068855,29.408212108873244,0
2025-02-26 02:00:00,15.71316760326761,36.140094345760275,2759.6326844210707,27.98719037436624,1
2025-02-26 03:00:00,15.706797745564986,23.634715028687907,2539.274292893127,28.75841895974492,1
2025-02-26 04:00:00,16.772763127540298,32.84897714466799,2804.30249357828,31.649930449617244,1
2025-02-26 05:00:00,16.89655822928419,22.826117585999977,2819.624754859435,30.657051202400698,1
2025-02-26 06:00:00,17.449094208198154,38.75194651321506,2911.2027704558436,27.336933814387006,1
2025-02-26 07:00:00,17.899164902754862,47.93478372739784,3307.9311396527764,30.443562649631623,1
2025-02-26 08:00:00,16.46673796910258,19.08098160458083,2749.807406699446,28.900038538429804,1
2025-02-26 09:00:00,16.67945739319011,43.11795743522586,3020.010756911062,30.199126533147616,1
2025-02-26 10:00:00,14.125484792985839,16.79339121658601,2234.606544606476,28.989828563304314,0
2025-02-26 11:00:00,15.69769075176514,56.395659470764826,2682.176203549784,25.687805818480133,1
2025-02-26 12:00:00,14.032273975707419,26.537727796604855,2407.1392900500928,27.322596204594646,0
2025-02-26 13:00:00,13.060447679371004,22.884289516972125,2095.873896113975,26.476296137394414,0
2025-02-26 14:00:00,11.62615982895943,11.982842163073895,1676.2674624367578,25.93615498375776,0
2025-02-26 15:00:00,15.308846325575654,83.44346671152417,3089.2564914648333,25.569314278736325,1
2025-02-26 16:00:00,10.98056800156552,8.807850298955948,1422.1415377836624,26.197082940432832,0
2025-02-26 17:00:00,10.912239698219606,4.560026364221924,1348.218930423745,24.59888930866994,0
2025-02-26 18:00:00,10.094034866707318,7.060741219383974,1490.080185666951,24.02747815256936,0
2025-02-26 19:00:00,11.358855548594724,32.860294296014686,1774.8900443899422,25.47978358615865,0
2025-02-26 20:00:00,11.028041625356835,15.260516276055574,1628.5388819239295,27.093212656954385,0
2025-02-26 21:00:00,12.013262589649463,13.281108179611227,1816.20301870933,25.976764561442053,0
2025-02-26 22:00:00,11.866645486443591,8.94480356699654,1736.3397534404507,25.747447352169573,0
2025-02-26 23:00:00,12.704584964552478,12.639799151282663,2047.7980225906754,26.742579524415177,0
2025-02-27 00:00:00,13.551585680556256,8.31764141930077,2085.749828508116,27.307252511277802,0
2025-02-27 01:00:00,15.202365892890802,29.8859105342492,2468.2845122983276,27.79867923363548,1
2025-02-27 02:00:00,14.636618596429594,20.920385230789456,2146.157968991316,31.09820499780761,0
2025-02-27 03:00:00,15.16929464965278,21.34763728369267,2405.1181862739013,28.222456294379906,1
2025-02-27 04:00:00,17.62430528436867,48.0280095061255,3189.1169664886165,30.983963205244557,1
2025-02-27 05:00:00,16.06512983987403,24.058551942769657,2529.986677680154,29.746749147626524,1
2025-02-27 06:00:00,16.962641533081648,35.45673408005645,2899.018102810582,28.223496995833532,1
2025-02-27 07:00:00,16.124631352965398,20.275270212399597,2688.5354506104145,29.671796186563423,1
2025-02-27 08:00:00,16.489696931444282,19.98681639154292,2769.123880431379,28.941945210848655,1
2025-02-27 09:00:00,15.718938692413074,23.929920727905895,2515.289600121055,29.814413125660867,1
2025-02-27 10:00:00,15.114118306234397,18.158381332739566,2299.632338899339,28.609560267190304,1
2025-02-27 11:00:00,14.44416781927757,13.321570165228843,2162.9042935459183,26.550024898929994,0
2025-02-27 12:00:00,14.29114203568549,26.736220585763597,2323.3615269209517,28.765209496187627,0
2025-02-27 13:00:00,13.317303226208905,28.019218358020815,2156.426788605601,27.531703670063415,0
2025-02-27 14:00:00,12.874592833485972,18.242820404243307,2004.2829691426648,27.40326663851561,0
2025-02-27 15:00:00,11.123423915804524,4.436397828688516,1430.40451035971,25.16303725332214,0
2025-02-27 16:00:00,11.946689248576472,12.546437061081832,1607.2424772127417,24.359044106709874,0
2025-02-27 17:00:00,13.3580394556329,56.691945351483696,2390.917628411815,24.946495100275143,0
2025-02-27 18:00:00,14.321749086573906,77.58624193562952,2648.5244176526285,23.307029974894917,1
2025-02-27 19:00:00,12.084352740391287,30.945935412669904,1974.8291166707147,24.258293986796566,0
2025-02-27 20:00:00,10.730715643100174,4.6537973632168255,1468.6306755947712,24.19111030946108,0
2025-02-27 21:00:00,11.619133650070841,12.651945742412394,1768.8431183484133,23.1254384758124,0
2025-02-27 22:00:00,12.443014583686768,17.207744054623987,1883.031885949084,25.65294660580684,0
2025-02-27 23:00:00,13.044127722471865,15.000206520604948,1985.762743398092,25.694382594600448,0
2025-02-28 00:00:00,14.677286559463168,33.55385972697547,2328.0824642636358,26.708937403178034,0
2025-02-28 01:00:00,14.949297141357095,30.965236842097646,2411.091181086048,28.212999070087367,0
2025-02-28 02:00:00,14.802840401743554,14.352226691998156,2455.267658047427,30.027039760783996,0
2025-02-28 03:00:00,15.639464711407424,21.53859112207344,2617.5092841330243,28.102796234902,1
2025-02-28 04:00:00,16.83184794187535,48.163422596462446,2977.1984886818495,29.19420635319805,1
2025-02-28 05:00:00,18.8796037215228,61.261024903386925,3407.3649723640765,28.979678243235423,1
2025-02-28 06:00:00,16.605049458697838,37.39771600750906,2688.305761710912,29.00378329464121,1
2025-02-28 07:00:00,18.744269305537177,65.27376038316424,3389.0177803975675,29.18429474648752,1
2025-02-28 08:00:00,16.881370249316426,33.02029289695727,2942.701295231836,29.362335871975066,1
2025-02-28 09:00:00,15.584996453870469,19.486169587709455,2489.286972526718,29.824366331812726,1
2025-02-28 10:00:00,15.724273529787268,33.909300227481204,2674.5169244545978,28.884534917741878,1
2025-02-28 11:00:00,13.01671493345842,8.384897296318965,1718.3719243025857,26.50822873640772,0
2025-02-28 12:00:00,14.660587744519601,44.649115690993696,2556.613648261554,28.552992388700616,0
2025-02-28 13:00:00,13.805251189285402,22.80406033397005,2121.6562303194673,27.356837632464888,0
2025-02-28 14:00:00,11.903122058138711,6.926568402227867,1730.5130162878997,24.41857721926834,0
2025-02-28 15:00:00,11.459780963475291,1.0019019923929129,1579.9635306299372,26.347612726743918,0
2025-02-28 16:00:00,10.890500292002326,0.40844972458160433,1349.1084629374463,24.794249883762266,0
2025-02-28 17:00:00,10.506457085192473,8.127693606378672,1443.4568742553874,23.91447615762252,0
2025-02-28 18:00:00,11.066466639179678,19.792231667213468,1496.4060784806588,24.429696053375174,0
2025-02-28 19:00:00,11.725440455529748,29.07426840328172,1815.8313334137522,24.07129756638216,0
2025-02-28 20:00:00,11.716762448915407,34.60336309043064,1838.4588262477969,25.056018174024373,0
2025-02-28 21:00:00,11.460906026333934,18.313248705689684,1554.340671732494,25.103458284197778,0
2025-02-28 22:00:00,12.23363056281843,15.91751677628178,1706.2937775597857,25.095088737273258,0
2025-02-28 23:00:00,12.688002277166518,10.118006447623491,2033.756782442452,23.792550753698855,0
2025-03-01 00:00:00,13.604592372842603,20.206660533203944,2131.2525454160673,27.632619048758247,0
2025-03-01 01:00:00,13.982988736611082,12.219851978291771,2175.75214172331,27.328070801243445,0
2025-03-01 02:00:00,15.215014760390035,13.442024734858904,2230.3368950836916,29.433535931574283,1
2025-03-01 03:00:00,15.148283546297554,29.18605997893315,2464.036347879844,29.69933041829052,1
2025-03-01 04:00:00,17.54827327215974,44.63298346757604,3148.7399793001423,29.180879157966036,1
2025-03-01 05:00:00,15.832639538079809,21.856270565236976,2415.712006536132,31.125363308160022,1
2025-03-01 06:00:00,16.420626320740055,28.128566829101615,2739.73908170883,30.245809994203885,1
2025-03-01 07:00:00,16.83058975655924,33.859082504269146,2885.872612519374,30.094148895720924,1
2025-03-01 08:00:00,16.792320965821855,31.581830330848494,2829.144405059077,29.43234338723756,1
2025-03-01 09:00:00,16.484646543795993,36.44099427652547,2722.3149350272683,31.141587198247404,1
2025-03-01 10:00:00,17.105772254526077,65.49615739895067,3008.3754552145365,27.64407992508534,1
2025-03-01 11:00:00,13.83452698071,5.59447718042316,1933.9789167186168,27.38924769035665,0
2025-03-01 12:00:00,15.928409550331583,57.356463261016636,2742.565380183956,25.5151978259041,1
2025-03-01 13:00:00,14.93645785243427,53.667124307468654,2543.827495564577,27.095620157481914,0
2025-03-01 14:00:00,12.967840033234001,29.463215814245494,2196.744915481338,24.80142119237083,0
2025-03-01 15:00:00,11.716637075385764,17.11298851370442,1608.8480692767112,24.314636958368787,0
2025-03-01 16:00:00,11.069870652189483,7.198057013447903,1532.6698372824358,23.78159983005815,0
2025-03-01 17:00:00,11.537779523779458,29.17473738867942,1861.1780043178442,24.177488820407653,0
2025-03-01 18:00:00,10.783018665072927,17.903238833544314,1737.512908300398,22.499088498409026,0
2025-03-01 19:00:00,10.143601849620604,10.336714038130058,1487.1221149333712,21.41032820181006,0
2025-03-01 20:00:00,12.140546256586399,28.568284905914155,1976.1521424779373,24.951168633517977,0
2025-03-01 21:00:00,12.652632503930796,32.641202045257245,2013.3218296500606,22.34241040899588,0
2025-03-01 22:00:00,13.316677215178618,41.69271218632855,2352.5959225440884,26.524965340772848,0
2025-03-01 23:00:00,12.413478829087525,6.3497517315006995,1604.5330781460857,28.093776164134628,0
2025-03-02 00:00:00,14.227749920619633,37.63412556852347,2160.820891078468,26.80293143527783,0
2025-03-02 01:00:00,14.649567102517674,15.707390757497489,2257.448178614101,29.33584867137205,0
2025-03-02 02:00:00,15.575865004818287,27.155601560311666,2590.542803210306,28.47089229654807,1
2025-03-02 03:00:00,16.055682402382487,34.362880037562036,2829.14551124761,31.04040973445305,1
2025-03-02 04:00:00,17.68669354043243,52.60254325867154,3116.866578777743,29.050614788817448,1
2025-03-02 05:00:00,18.001356867669955,45.55889993794872,3281.7897822928558,27.05991930754986,1
2025-03-02 06:00:00,16.571421443747184,30.163202429729758,2787.752305846693,29.904105907072196,1
2025-03-02 07:00:00,15.840241278007444,19.884617242735146,2691.3915058744565,31.947333310960122,1
2025-03-02 08:00:00,17.09410221594468,39.39642493272456,3013.5046976817443,30.24003817848178,1
2025-03-02 09:00:00,16.107100030925835,30.670344245002173,2911.8684061732138,28.502932469314278,1
2025-03-02 10:00:00,14.93810621684804,13.152024028689217,2248.6928781416323,28.894681403141714,0
2025-03-02 11:00:00,14.342502646090717,23.504650160163443,2274.110076686707,28.94180694145064,0
2025-03-02 12:00:00,13.694973691353773,14.370375550010529,1878.8893137703492,26.897260273302628,0
2025-03-02 13:00:00,13.833900094089826,41.37904227226052,2601.6972791489475,29.375210967103424,0
2025-03-02 14:00:00,14.676143768464861,60.28559853755044,2685.710082521724,24.879098452176564,0
2025-03-02 15:00:00,13.07123401650183,31.999759950694333,2076.8096212265505,26.081692522894116,0
2025-03-02 16:00:00,11.493025413658527,13.605283166090455,1985.886904056284,25.31624847242487,0
2025-03-02 17:00:00,11.058913886453809,15.601480207028885,1636.8690995243433,23.262429611495133,0
2025-03-02 18:00:00,10.111695217873596,6.096611251938764,1253.4604339228938,23.490671679182793,0
2025-03-02 19:00:00,10.385854258507306,7.4876548401708165,1428.3064449793767,25.323940898107992,0
2025-03-02 20:00:00,11.0587421828854,12.86886545758026,1481.6529872823905,24.575669253771796,0
2025-03-02 21:00:00,11.040945632255607,11.614436838576806,1608.0022651511642,25.284365728513013,0
2025-03-02 22:00:00,11.470451880482878,2.9078585264967685,1554.0307011463779,23.536839175554707,0
2025-03-02 23:00:00,14.258093941559032,41.71055049340763,2350.9374594020233,27.010741250886912,0
2025-03-03 00:00:00,14.790208931342566,46.26015184081826,2465.488832492077,27.344756212899057,0
2025-03-03 01:00:00,15.731314855753748,45.86033185917652,2945.995692057086,27.699765108138017,1
2025-03-03 02:00:00,17.32580778824168,57.460760012736465,3120.155445561868,28.933070235670915,1
2025-03-03 03:00:00,19.23653482718042,87.59462332530353,3703.1999662846947,28.630259095010462,1
2025-03-03 04:00:00,15.957015039356294,23.55060772662118,2747.840180513282,28.8877932066931,1
2025-03-03 05:00:00,19.564553580386594,90.47851698814146,3968.1042919130045,29.607514840900254,1
2025-03-03 06:00:00,16.579272949735,30.100498896914964,2874.891868073515,29.442956186018044,1
2025-03-03 07:00:00,17.751384009266083,44.25752979778388,3161.798218236664,32.51441295211905,1
2025-03-03 08:00:00,16.019555168771817,19.315582029926578,2596.7653476819355,30.692321085965617,1
2025-03-03 09:00:00,16.05481948715932,22.962163829643224,2647.2989143658388,27.959157634793577,1
2025-03-03 10:00:00,16.234733100711605,42.7311144609368,2909.5335364022108,30.943555202713103,1
2025-03-03 11:00:00,14.729983520925462,31.11780490111716,2509.056258975319,27.257029201584064,0
2025-03-03 12:00:00,13.4509090795354,9.902425804621219,1951.7963252636573,27.0353464409572,0
2025-03-03 13:00:00,12.960392422491626,15.595075716859153,2134.9495765266784,27.30044349861005,0
2025-03-03 14:00:00,11.803886913781348,7.864322580468678,1634.209621675625,23.136013747322867,0
2025-03-03 15:00:00,12.200631824149326,32.65952153524468,2081.2756290924094,24.59424864011118,0
2025-03-03 16:00:00,12.676188229354862,43.86524273786413,2206.2306766780334,23.713923167486143,0
2025-03-03 17:00:00,10.755631594743987,6.2623840174255045,1356.6130568974854,24.34831861658574,0
2025-03-03 18:00:00,10.526667572033784,14.172268680592492,1458.1621500132856,24.44405961991853,0
2025-03-03 19:00:00,10.560199735003062,2.743323256948457,1323.9546629761537,24.009511282733964,0
2025-03-03 20:00:00,10.631633789495057,17.844298299489438,1629.1186451175158,24.25354703083189,0
2025-03-03 21:00:00,11.652050294953456,22.797184345521178,1681.8202602294443,26.156837303602895,0
2025-03-03 22:00:00,12.252531254091732,19.15782235978358,1816.661392573771,25.861783116400726,0
2025-03-03 23:00:00,13.718570906325727,21.305331598080095,2086.033204370338,26.273252876754825,0
2025-03-04 00:00:00,13.242419138220908,12.79361840535714,2182.1983613942457,27.177444709752077,0
2025-03-04 01:00:00,14.610792207247504,18.26375410136049,2324.684056596575,29.979523932343763,0
2025-03-04 02:00:00,14.994849280967552,22.51319146729967,2143.29330660696,28.707208772380895,0
2025-03-04 03:00:00,15.581575843272407,22.682034168532304,2638.7864513977333,28.50398213760079,1
2025-03-04 04:00:00,16.100663028051592,27.01582220181496,2652.319287217389,27.307277305019966,1
2025-03-04 05:00:00,17.432030130899644,41.24761977452196,3079.7896780484625,28.177052630025273,1
2025-03-04 06:00:00,18.013728383096694,61.74458115216083,3409.70622963362,29.439568925904286,1
2025-03-04 07:00:00,16.25888054028767,24.365084990472386,2698.4119278426215,29.76772526612225,1
2025-03-04 08:00:00,16.851577516228783,30.36118375630196,2767.2457221502027,28.93133045982106,1
2025-03-04 09:00:00,15.59000760902037,17.963947100459475,2474.213521409174,29.542693116014632,1
2025-03-04 10:00:00,15.142694923061155,18.706296440956873,2548.041932588078,27.81779034659018,1
2025-03-04 11:00:00,14.194770639476744,15.469215376725085,2205.4961768820976,26.679070011145022,0
2025-03-04 12:00:00,13.940379912896814,16.744457678176218,2231.664574188936,27.735172602429017,0
2025-03-04 13:00:00,13.289992806958429,16.32837061047166,2077.289852338724,27.866816260946145,0
2025-03-04 14:00:00,12.108933059296996,14.053636633569562,1883.0109251143006,24.171398882704203,0
2025-03-04 15:00:00,12.098231561339187,20.43324919239032,1599.8508364541958,25.17113869288976,0
2025-03-04 16:00:00,11.381495509600976,5.6531144380922544,1602.7392767328356,22.11591819886211,0
2025-03-04 17:00:00,11.234836685602435,16.869086278423143,1565.7324845708115,22.332776764260203,0
2025-03-04 18:00:00,11.40673371100192,26.553668464658227,1863.853306092821,23.293481006427392,0
2025-03-04 19:00:00,10.045384088418256,5.5695774513433784,1300.5855409907922,25.464115039985398,0
2025-03-04 20:00:00,10.254745246962974,1.4308556420556124,1250.533814468384,23.467476553000072,0
2025-03-04 21:00:00,12.958316368692156,32.45113766913363,2267.7337358708687,23.899359086721656,0
2025-03-04 22:00:00,10.929421669424597,3.985118867753844,1506.8941715989904,25.54330473827331,0
2025-03-04 23:00:00,12.824329790396117,8.261754236820401,1956.8348503977152,26.26804319807225,0
2025-03-05 00:00:00,14.456198102697085,25.935457032383734,2281.0486651552924,26.057842232694416,0
2025-03-05 01:00:00,13.998883417086937,10.414888858291931,2066.463114997274,30.159923016023324,0
2025-03-05 02:00:00,15.880455987499795,40.698865913854824,2777.200120329772,28.181563952261612,1
2025-03-05 03:00:00,15.131451470060426,21.17013858904922,2378.4845456123935,29.257622322461284,1
2025-03-05 04:00:00,16.2135799034276,23.417984785668118,2652.8859024811336,29.11594076610076,1
2025-03-05 05:00:00,16.295908507100833,26.416961945508454,2628.53939049617,30.425743353448613,1
2025-03-05 06:00:00,17.555434224924273,43.14811068507724,3029.2127370137123,31.48194907164494,1
2025-03-05 07:00:00,16.944437761846565,27.581857144484538,2890.472289421611,31.89417391521273,1
2025-03-05 08:00:00,17.875265437351988,49.87652263947916,3161.2929905897586,28.68335740103663,1
2025-03-05 09:00:00,15.390601907837736,28.728987197871824,2492.814700289315,30.442274555121163,1
2025-03-05 10:00:00,15.535247414277798,25.778728213047295,2616.195683064525,29.159616983461277,1
2025-03-05 11:00:00,13.824873788170732,11.061647720986787,2127.667210099932,28.945901066659694,0
2025-03-05 12:00:00,14.465769556237326,36.40295034099236,2390.190873928744,26.889744872768656,0
2025-03-05 13:00:00,13.823666389445364,26.729433922162116,2241.321444516755,25.999093936753976,0
2025-03-05 14:00:00,13.045153080129506,26.12139517057732,2000.120292633146,26.62285757485676,0
2025-03-05 15:00:00,11.736121351026584,12.106338252310564,1524.4813371596435,26.024310663707976,0
2025-03-05 16:00:00,11.120951210968474,3.250637835525957,1647.2359445212073,26.28078846528099,0
2025-03-05 17:00:00,11.06110274994546,16.544815075570924,1612.7692650688264,24.340479587673396,0
2025-03-05 18:00:00,11.221083322259751,22.338388459647422,1692.3247677357876,23.87170244683829,0
2025-03-05 19:00:00,10.814834604040124,22.524824859753696,1673.871313723354,21.150398225139703,0
2025-03-05 20:00:00,12.149202941264843,20.06256489121551,1869.7093548845723,22.468411143052293,0
2025-03-05 21:00:00,11.71252192972296,19.359459179807693,1731.9314536662052,24.405577730220198,0
2025-03-05 22:00:00,11.662165707040156,6.990249300489322,1490.4269043514012,24.178729282504456,0
2025-03-05 23:00:00,12.5049403827249,7.3729224837486935,1721.861762728687,27.20049954321226,0
2025-03-06 00:00:00,12.767783138553847,3.8953531382128057,2029.3293085423977,25.427974846105208,0
2025-03-06 01:00:00,15.210327436620846,38.02998077471238,2713.805035870934,27.174891941287196,1
2025-03-06 02:00:00,17.943618850713154,68.27722492452702,3248.3881703222787,27.94556820823367,1
2025-03-06 03:00:00,20.852334354248782,115.67106696197536,4400.423212905691,30.567012043638996,1
2025-03-06 04:00:00,16.683385976726193,34.89552490725899,2950.8852176815117,28.868189712529773,1
2025-03-06 05:00:00,17.090668498876646,38.72015058907755,2947.9349001117735,30.44067202052477,1
2025-03-06 06:00:00,17.23989556061993,32.574774290159084,2866.436754610734,30.23484735302726,1
2025-03-06 07:00:00,17.40861982951004,36.65264301543151,2982.2286152557554,30.98172366140395,1
2025-03-06 08:00:00,15.490600111061559,22.53460598120276,2538.809175594226,30.618334273893186,1
2025-03-06 09:00:00,16.370960311644545,26.475806821646273,2630.6585212440273,29.081192208116178,1
2025-03-06 10:00:00,15.160424372336411,16.154760719354705,2377.8072967019734,26.464446584871347,1
2025-03-06 11:00:00,13.844229043415886,16.031480310699735,2015.540219510848,27.49836807133291,0
2025-03-06 12:00:00,12.65992588401273,6.760005288478786,1898.9616564844837,26.976053226561493,0
2025-03-06 13:00:00,13.463771153671416,22.348216154432414,2036.4916259846218,26.566753944475657,0
2025-03-06 14:00:00,13.038868433258186,24.728614222630704,2118.48321840262,24.6149338257352,0
2025-03-06 15:00:00,11.109935970672097,18.892446827059764,1565.1710130364781,26.247760998530694,0
2025-03-06 16:00:00,10.738475691109041,7.406441863722174,1454.5225292903324,24.418267090624663,0
2025-03-06 17:00:00,11.272895746514827,3.555203023842367,1323.2201836008833,22.997625703758278,0
2025-03-06 18:00:00,11.625502923708126,24.956531211113656,1864.426077470638,23.450126593509985,0
2025-03-06 19:00:00,10.761279239634366,14.515762643420071,1573.0952261132443,26.416473705893015,0
2025-03-06 20:00:00,10.581617879999298,1.3314348273898964,1606.4844824790653,25.199177260182374,0
2025-03-06 21:00:00,12.401728200903003,16.423507483783357,1821.535349943591,26.136827523117628,0
2025-03-06 22:00:00,12.620835464444152,19.52591839471067,1852.2397718020509,24.25009563634391,0
2025-03-06 23:00:00,12.618553763840373,2.1763851787717585,1738.5244542536843,25.396947234071746,0
2025-03-07 00:00:00,13.889712595172066,22.67287299290418,2165.6234567479214,26.182293232942396,0
2025-03-07 01:00:00,14.300520736845577,7.877598172037878,2174.333820506806,27.997729620413992,0
2025-03-07 02:00:00,14.341953675820413,16.562411174561817,2188.2596755471823,28.291197802697276,0
2025-03-07 03:00:00,15.280818707015301,16.868930701883645,2358.3506260386157,28.533927050051194,1
2025-03-07 04:00:00,16.27986598081201,23.14155694865358,2704.2435171945735,29.16119270034917,1
2025-03-07 05:00:00,16.990029235983542,22.914387281031388,2842.5126580499273,28.944935254857082,1
2025-03-07 06:00:00,17.689210721934945,52.690618407651215,2984.194899801018,29.78419285571831,1
2025-03-07 07:00:00,16.8249578500577,30.80953262813809,3002.4710463698666,31.233636179467684,1
2025-03-07 08:00:00,16.2839409365696,26.56881400692645,2694.4351386055414,27.78230898949365,1
2025-03-07 09:00:00,16.223959830569694,49.285749854437086,2814.631892540688,29.537095663921953,1
2025-03-07 10:00:00,15.013395471304843,43.749944285115106,2477.291656105355,30.15611123385557,1
2025-03-07 11:00:00,14.123783580598035,15.186194161528281,2019.2346895618032,27.556632617029045,0
2025-03-07 12:00:00,13.550075149738367,18.577792109278178,2132.0356752655543,26.3653487650249,0
2025-03-07 13:00:00,12.367155509401016,8.02751751754167,1807.178028227415,27.332620647833092,0
2025-03-07 14:00:00,12.475580824875262,13.217706592644909,1863.902770832739,24.31893374775747,0
2025-03-07 15:00:00,11.449657785559296,4.472781808318192,1461.0182206491459,24.851449820513928,0
2025-03-07 16:00:00,11.542240543845303,20.95588914245462,1611.2284370984269,23.15411086818383,0
2025-03-07 17:00:00,12.624722592428169,36.22629134959365,1919.5399646288527,21.85810135710371,0
2025-03-07 18:00:00,11.940368015546168,31.413681224709684,1869.4794964741636,23.817618882246247,0
2025-03-07 19:00:00,11.156161617000963,15.135948689848682,1617.176898667377,22.586148445212427,0
2025-03-07 20:00:00,10.479944303563915,1.1200400448448762,1292.4482550022906,24.38791917265163,0
2025-03-07 21:00:00,11.07094997523561,7.643471727713013,1692.202704545794,26.216715205697145,0
2025-03-07 22:00:00,12.286470724509813,13.202356956308098,1713.074812606678,27.725106488015648,0
2025-03-07 23:00:00,11.306619558083646,3.015327967659787,1620.5002973875949,26.335778005424093,0
2025-03-08 00:00:00,12.548720853283198,2.350522734042833,1777.2224280765754,28.22305899837071,0
2025-03-08 01:00:00,16.122987612445037,49.28170597378536,2945.461051163713,28.25521231543554,1
2025-03-08 02:00:00,15.71981139342948,38.570066384286534,2728.3256205642606,28.040263663349823,1
2025-03-08 03:00:00,16.139277633215166,36.47489516661412,2726.7598832239437,26.8115887188425,1
2025-03-08 04:00:00,17.878176298607862,43.294220269396035,3123.4415967951813,31.549867003851908,1
2025-03-08 05:00:00,17.079570650967327,23.06842098086487,2955.3243155939417,28.6388548517298,1
2025-03-08 06:00:00,16.41325017146694,25.60106926025675,2785.981162801695,31.659325093701323,1
2025-03-08 07:00:00,17.165192827052582,36.93962077598832,3095.937182416176,30.541946633981905,1
2025-03-08 08:00:00,16.5919667206521,36.15786720122712,3008.183665583294,28.426860869056558,1
2025-03-08 09:00:00,15.485566763979557,16.92233637404709,2385.4786751271354,29.495718377742467,1
2025-03-08 10:00:00,15.28544386298612,26.549470108146153,2531.086563603767,31.059493273542323,1
2025-03-08 11:00:00,13.506626832494648,18.604543117274037,2110.3859430977245,29.619240232344147,0
2025-03-08 12:00:00,14.285957968687383,30.627163444027452,2326.6958700291043,26.3847443326387,0
2025-03-08 13:00:00,13.04268508429952,18.917197128327302,1935.9571814635462,25.369165954870834,0
2025-03-08 14:00:00,14.135177146523587,47.95681397812633,2364.87633674522,25.62024964477942,0
2025-03-08 15:00:00,11.263324100746372,10.066037246028518,1537.6478760696145,24.680063181676648,0
2025-03-08 16:00:00,10.54026798884526,4.079068130898534,1405.9589074804808,25.84160865141793,0
2025-03-08 17:00:00,13.37304325838795,47.00909284135605,2227.068680351668,24.989729484838982,0
2025-03-08 18:00:00,11.158589171468822,19.771574394579957,1641.5493098496397,21.969310078165893,0
2025-03-08 19:00:00,10.8192463092951,13.501457547092667,1336.3385389724863,24.652632827641483,0
2025-03-08 20:00:00,10.49942109613369,5.845182124590135,1382.6661085625703,24.187014635605756,0
2025-03-08 21:00:00,11.359866939908253,10.182850382762908,1447.4099939894709,24.923209419674052,0
2025-03-08 22:00:00,11.534460099545846,9.658037626736977,1753.1319043990848,25.798731617112832,0
2025-03-08 23:00:00,12.192526218594367,3.856498495994409,1800.4055340631262,27.662017671024266,0
2025-03-09 00:00:00,12.41460410080877,0.5943787058249196,1841.4846033273363,28.173351556255152,0
2025-03-09 01:00:00,13.796392368741127,14.608242136239756,2097.8693538076423,26.876765846482765,0
2025-03-09 02:00:00,16.293203011958916,36.51208255088685,2736.839957411682,28.42966563877223,1
2025-03-09 03:00:00,16.978898590413873,52.771050600339976,3047.018590707129,28.58309467213099,1
2025-03-09 04:00:00,17.46154665255396,48.8958772349317,2976.5514381509624,27.579861048665414,1
2025-03-09 05:00:00,18.473816852055187,52.345751054872444,3314.2180224973054,29.76653286974587,1
2025-03-09 06:00:00,16.66051068418055,24.452670819062824,2838.311405189984,32.21370531307092,1
2025-03-09 07:00:00,17.567989967765968,37.229765242633704,3066.966145241957,27.84332540636748,1
2025-03-09 08:00:00,17.027682273164096,39.79797027072942,2876.3743347614713,29.569202058961338,1
2025-03-09 09:00:00,16.717018703629982,37.82077146431666,2975.8507544741437,29.05395456906804,1
2025-03-09 10:00:00,15.318955091835484,23.225100389989805,2408.821936860446,28.84528256611717,1
2025-03-09 11:00:00,15.133761185164207,21.233864524580483,2390.0392425783516,26.62118718643497,1
2025-03-09 12:00:00,14.020693334461086,30.843043987145496,2293.865272356635,25.28986729104016,0
2025-03-09 13:00:00,12.846000139455253,21.808956999881154,2036.2738437970931,24.569225676538796,0
2025-03-09 14:00:00,11.996876327228403,25.251205870286455,1713.9803627784854,27.097120509997968,0
2025-03-09 15:00:00,11.608787879570153,8.998579985959818,1572.1914634239763,23.69945648720615,0
2025-03-09 16:00:00,12.104379208615562,24.183413602039806,1813.2195389587005,23.802449158662878,0
2025-03-09 17:00:00,10.827161804956628,15.869089867680604,1553.4747503900624,26.627781639468402,0
2025-03-09 18:00:00,11.303796546625222,28.432437676955836,2022.5264463554217,23.118893211868254,0
2025-03-09 19:00:00,10.188578148076772,6.987690816333747,1303.3195913104435,24.513102038673928,0
2025-03-09 20:00:00,11.938637138495057,26.617120913115617,1778.465726091385,25.678497800597256,0
2025-03-09 21:00:00,11.250659387642248,10.32068636846682,1523.6342508408218,26.09754388081542,0
2025-03-09 22:00:00,12.766829364249688,26.715478777736074,1963.2253805197906,23.90210837154757,0
2025-03-09 23:00:00,13.005269241143194,18.01166885207899,2118.57008433902,25.36751992745048,0
2025-03-10 00:00:00,14.042361734066713,14.8478706475942,2244.6254869759373,27.36283677150242,0
2025-03-10 01:00:00,14.171700125056017,16.055705566991456,2134.3171094468435,30.09127808416757,0
2025-03-10 02:00:00,15.245673231298033,23.555298986137146,2387.234476623672,27.586187209630495,1
2025-03-10 03:00:00,15.569566142835784,23.596294281711963,2439.4312498328127,28.528984762626312,1
2025-03-10 04:00:00,16.75582101634241,27.981046500680314,2893.425785286779,30.10156551703451,1
2025-03-10 05:00:00,17.615949425801237,40.64396671278706,3149.0748428046495,30.64136735168521,1
2025-03-10 06:00:00,16.082183392120363,21.724663549213076,2678.326127887181,30.816304805163284,1
2025-03-10 07:00:00,17.40229678864827,45.74163189103565,2938.7803836263483,28.882150441065434,1
2025-03-10 08:00:00,17.20391241817148,44.10181632152478,2870.0458878249237,28.959618447032078,1
2025-03-10 09:00:00,16.198116663235968,25.34112750543361,2630.1692197372386,29.379921783322057,1
2025-03-10 10:00:00,15.57308872801367,26.43030304246686,2591.6660049779653,30.014773575153832,1
2025-03-10 11:00:00,13.236012907788714,10.336645448084536,1867.5317640142753,27.490276236765634,0
2025-03-10 12:00:00,13.448401883025879,20.1852474191327,2124.7772642798423,26.973237719899412,0
2025-03-10 13:00:00,12.509546702612722,5.938200613071601,1971.6735952309095,24.992428740125117,0
2025-03-10 14:00:00,13.392750926382153,37.50121944489539,2198.9208452124994,27.73587219827079,0
2025-03-10 15:00:00,11.362693089683114,4.506756841513908,1706.324803448862,25.063795193010474,0
2025-03-10 16:00:00,10.962284119454212,13.287311838112059,1684.044446668471,25.695229524114723,0
2025-03-10 17:00:00,10.585928982326239,16.983195727080716,1492.6210578426849,24.13809917081397,0
2025-03-10 18:00:00,10.574632899969597,21.285966639325686,1648.0268443056395,24.102320478292093,0
2025-03-10 19:00:00,10.026293880493235,14.392541877477033,1560.6595320246888,22.301851852110325,0
2025-03-10 20:00:00,11.232643296422,18.30759048491696,1582.2225386650541,21.821009545015535,0
2025-03-10 21:00:00,11.987577827978475,10.94629329937208,1527.0957260580983,26.380965910643432,0
2025-03-10 22:00:00,12.352532314514526,2.255386746070986,1771.4091924835182,25.593669857114982,0
2025-03-10 23:00:00,12.293050730209574,13.892954430820534,1803.380382840346,26.471256612276324,0
2025-03-11 00:00:00,14.17501470738051,23.76779277711134,2357.2325991570406,25.501135497359478,0
2025-03-11 01:00:00,13.363274957448775,10.023604837655835,2057.4562722252626,26.69278012195521,0
2025-03-11 02:00:00,14.9878380822709,27.13626963283493,2535.3761338050267,29.774762401361855,0
2025-03-11 03:00:00,17.850120464687755,69.32899916669818,3468.8967057824552,31.20949286856928,1
2025-03-11 04:00:00,16.31323116040471,30.389548984802982,2708.1975428701176,28.85254739482629,1
2025-03-11 05:00:00,16.927485445867955,33.01710952818115,2945.419402271136,30.703557424902854,1
2025-03-11 06:00:00,16.100935396480438,21.99004136840554,2450.249180685494,30.228029919217928,1
2025-03-11 07:00:00,16.663418838601814,23.5037641295916,2758.7955540869402,29.75314275077394,1
2025-03-11 08:00:00,15.576253561417587,23.332470792473845,2356.773561208166,31.82042703556738,1
2025-03-11 09:00:00,16.40515678306574,37.1539675124422,2795.1031986134144,28.57747836833232,1
2025-03-11 10:00:00,14.593542774815878,15.248515182031865,2426.982431514784,29.988855164420933,0
2025-03-11 11:00:00,14.36920680182329,25.010657480739173,2454.2767939315845,28.234165115758106,0
2025-03-11 12:00:00,12.362000362524233,6.64242216445811,1763.7543414848233,26.97973281316228,0
2025-03-11 13:00:00,12.134013191507819,2.11090398995354,1568.227021736687,27.869963472332167,0
2025-03-11 14:00:00,12.518376811569187,25.359810254876948,1923.835939749095,25.84816139810779,0
2025-03-11 15:00:00,10.876827441885085,9.764749183339358,1644.557998189809,24.762966620545612,0
2025-03-11 16:00:00,11.220745651980398,21.41894407007083,1508.6963085638076,26.0572543962251,0
2025-03-11 17:00:00,9.96400082847053,2.002660167234571,1351.4981407638656,25.601337225659094,0
2025-03-11 18:00:00,10.728601240480376,0.469813605855261,1345.8281697614025,25.44235598538465,0
2025-03-11 19:00:00,10.831047289046912,15.745218367631459,1566.4865557683192,19.43685731118923,0
2025-03-11 20:00:00,10.998737743559076,4.001787561811389,1502.0579903867354,24.930135739532677,0
2025-03-11 21:00:00,12.072224906363923,15.54592195529632,1753.1201036012044,25.13322028812432,0
2025-03-11 22:00:00,11.865029089932282,15.84625754598417,1770.2341246998512,25.458164095097437,0
2025-03-11 23:00:00,12.44771274067124,14.103870293520423,1692.1174195009492,26.955278425459536,0
2025-03-12 00:00:00,14.596808278528789,32.8221837198015,2406.80887674491,27.31266824700534,0
2025-03-12 01:00:00,14.508296660192196,24.715342484597073,2259.9166434464273,28.58982603610028,0
2025-03-12 02:00:00,17.366855960628037,65.14668087135249,3153.2391407009286,28.178445830693825,1
2025-03-12 03:00:00,15.447427734394555,24.172151946216566,2646.1470317807402,30.919137099771422,1
2025-03-12 04:00:00,16.39174497997562,20.424025488322226,2770.725166694143,30.53280924148071,1
2025-03-12 05:00:00,16.386287870745598,26.459174888074557,2754.660846316829,30.54880938748498,1
2025-03-12 06:00:00,17.047382665095196,30.63106976057105,2917.8470360637834,30.592446280448236,1
2025-03-12 07:00:00,19.23166694748291,77.93395611899781,3512.4366023481443,31.28651504785946,1
2025-03-12 08:00:00,16.825845761895472,32.16623433481807,2841.467749638354,30.82410155567593,1
2025-03-12 09:00:00,17.089175245165116,47.927309697585535,3009.056252628558,28.98599387930412,1
2025-03-12 10:00:00,15.388244169665844,19.21816762111097,2543.43432685514,29.688372456987963,1
2025-03-12 11:00:00,14.160523002257442,13.294108591623669,2103.8484600770603,27.98531982335816,0
2025-03-12 12:00:00,13.202864307449607,1.8790140408374516,1804.8257386756109,29.300312149800522,0
2025-03-12 13:00:00,15.196485282866075,57.23273949293245,2827.837524377448,27.54081623794873,1
2025-03-12 14:00:00,13.682171549424288,42.77981796197216,2308.992668228152,24.749268817726033,0
2025-03-12 15:00:00,11.876087198506204,17.29194031674509,1624.6405693536715,27.675532483780714,0
2025-03-12 16:00:00,11.388837250603798,11.250467769056499,1875.6917107456143,21.8794759854589,0
2025-03-12 17:00:00,10.440968008592193,15.361650092947855,1464.1156569281263,24.86704820993569,0
2025-03-12 18:00:00,10.43903412635189,2.936751704922605,1345.0975209026642,23.164503204665657,0
2025-03-12 19:00:00,11.349500585651398,21.38489769209007,1743.567824036163,26.360838873540434,0
2025-03-12 20:00:00,12.264064716710756,40.125318620304256,2121.3571343569834,24.70529106700098,0
2025-03-12 21:00:00,13.18013877562215,41.67792991452092,2173.880103387327,23.926125098335767,0
2025-03-12 22:00:00,11.925293339672386,2.0040442665072358,1563.9015523339676,25.180206345336465,0
2025-03-12 23:00:00,13.252947703382315,33.54128400408562,2246.141765567696,25.36682511429355,0
2025-03-13 00:00:00,12.959956851808988,2.9639893805861632,1719.4397458195883,26.633067625715917,0
2025-03-13 01:00:00,13.283782101127658,5.728352543150242,2290.5461740586984,27.382079996240194,0
2025-03-13 02:00:00,16.13117387279647,44.53573513537333,2825.244322311099,27.598612957558643,1
2025-03-13 03:00:00,16.338954935994607,22.619813299769767,2632.3417491278915,29.445396917458734,1
2025-03-13 04:00:00,17.252722270898275,48.136388849701106,3059.3093582650563,30.06754520744145,1
2025-03-13 05:00:00,17.62141455607444,47.984223871443376,3104.107302147848,28.70220980933599,1
2025-03-13 06:00:00,17.779010006207,45.810192408758994,3069.930223837304,28.010077484347203,1
2025-03-13 07:00:00,16.163770031968745,34.51102828822863,2718.1799277739387,30.270925221446685,1
2025-03-13 08:00:00,15.980212648603807,20.752523729293213,2587.283592205015,30.236380872696817,1
2025-03-13 09:00:00,15.738501743175927,24.795709756524587,2551.035247692396,29.997580457913195,1
2025-03-13 10:00:00,17.45946835404884,52.2095702004044,3130.355204709438,29.16140925791287,1
2025-03-13 11:00:00,14.67844144601653,36.6265606051824,2445.0835993344367,29.66371726619216,0
2025-03-13 12:00:00,13.064534045411595,11.209275621278607,1932.5092998764358,28.196481464317536,0
2025-03-13 13:00:00,12.175674839387861,11.074796647348322,1762.1239610905186,29.439336700391124,0
2025-03-13 14:00:00,12.620482621954352,23.9644363872988,2154.4635022528155,29.220776636199655,0
2025-03-13 15:00:00,11.92098907700025,16.19969367269897,1633.7120821327605,22.768956551266783,0
2025-03-13 16:00:00,11.21339979502922,11.779906769781231,1646.5016013309723,21.765357431163626,0
2025-03-13 17:00:00,11.406229833265396,22.334265077257427,1835.4732350548197,24.093352963716754,0
2025-03-13 18:00:00,11.097660984700685,21.71763229035034,1673.3826318564572,24.605078915856385,0
2025-03-13 19:00:00,10.202599121146742,7.355847719937904,1284.2250257014916,24.011160510325926,0
2025-03-13 20:00:00,11.099844007851157,19.151873755794497,1548.0225626604258,25.246220323915917,0
2025-03-13 21:00:00,11.74457928459306,20.620724004659976,1920.7913292661199,24.554389165962217,0
2025-03-13 22:00:00,11.856985039183492,14.163669718018788,1653.6747726683648,24.667259083903108,0
2025-03-13 23:00:00,12.342381820427551,6.5301462104597086,1835.1763025641912,25.57207383287111,0
2025-03-14 00:00:00,13.03040684336686,10.330057990773117,1999.662937012379,26.759797957122903,0
2025-03-14 01:00:00,14.01071316624797,10.3139784070978,2160.3170319963397,28.788671948179715,0
2025-03-14 02:00:00,15.671159392428727,29.602063134252823,2639.4273133580323,27.915911164000853,1
2025-03-14 03:00:00,15.008583542576352,16.163772231411063,2332.4607966285275,28.774557900059612,1
2025-03-14 04:00:00,17.9588064641682,62.8707115763537,3247.622128784821,30.282336424206566,1
2025-03-14 05:00:00,18.95594912412418,58.01085124766823,3412.9494916946064,29.659221801812954,1
2025-03-14 06:00:00,17.90690062369911,41.03947453884726,2963.1891884315232,31.340052660774468,1
2025-03-14 07:00:00,16.916760694095483,49.32506966650378,2840.796348100986,28.794370000185143,1
2025-03-14 08:00:00,17.129896643474627,45.75173423426341,3134.3945538550397,28.234439703594823,1
2025-03-14 09:00:00,15.588134879549775,30.564626970655002,2579.365321496811,29.48687518438165,1
2025-03-14 10:00:00,15.525239507098595,22.096901290076964,2503.8005285700106,28.98514615471773,1
2025-03-14 11:00:00,14.323115380209984,15.999570619117684,2384.5404156134327,26.738505742407575,0
2025-03-14 12:00:00,13.10108853884533,6.272481220369524,1914.9161568380994,28.612314481592996,0
2025-03-14 13:00:00,13.151738118190153,6.411512183037894,1905.4895965430276,28.533467036416603,0
2025-03-14 14:00:00,13.120272295048318,32.12938751624596,2146.7846969568013,24.74657494459132,0
2025-03-14 15:00:00,12.942909257249179,29.77730103235135,2172.929547365989,26.66344046371779,0
2025-03-14 16:00:00,11.051106226045288,11.433155009264913,1445.3312352236949,21.54336518224581,0
2025-03-14 17:00:00,11.25313296312247,22.96514850275615,1729.4239622551033,25.393557241194458,0
2025-03-14 18:00:00,11.915720432117045,25.51543891705813,1840.0572931120223,22.9706846746459,0
2025-03-14 19:00:00,10.11488298287444,3.2149653635270727,1352.0570525577518,25.27350973949939,0
2025-03-14 20:00:00,13.213214977750205,40.61954619365158,2236.4054091918115,23.248392605498577,0
2025-03-14 21:00:00,11.96929888391373,25.508145819502275,1853.7484894164706,24.796494614888186,0
2025-03-14 22:00:00,12.765355344425654,21.370362563332314,2182.9910643354483,24.527861284149793,0
2025-03-14 23:00:00,13.43030703488765,25.670123004196668,2387.316392036926,25.9668860273538,0
2025-03-15 00:00:00,13.47480674542334,19.25599248745231,2180.456504321398,29.195908834716416,0
2025-03-15 01:00:00,14.29868300851065,18.601067841036286,2330.5408853324802,27.64693177939555,0
2025-03-15 02:00:00,14.84083321525383,26.55263315797361,2670.947969118472,31.032361948710946,0
2025-03-15 03:00:00,15.102234275870543,16.977061884839895,2316.676816644303,28.65834527024821,1
2025-03-15 04:00:00,18.596800892213675,78.40362281461198,3486.8379108058984,31.38819385592147,1
2025-03-15 05:00:00,17.318056134201665,32.53435659782021,3019.351601568207,27.9469463510518,1
2025-03-15 06:00:00,19.602734875037065,80.31774477717073,3778.5980227338327,29.65618913354617,1
2025-03-15 07:00:00,16.78834090964199,36.121004350212225,2905.9603619307763,29.25444549647676,1
2025-03-15 08:00:00,16.09152311744657,25.360026367411102,2690.8279728513658,31.44332293230993,1
2025-03-15 09:00:00,16.804642015607005,53.87293461852073,2836.941237042965,29.34361888680297,1
2025-03-15 10:00:00,15.980230880165522,30.648944815865438,2578.8135289507422,25.994300196423033,1
2025-03-15 11:00:00,17.27889783480082,82.71440551886461,3327.9032131876647,26.204301549639457,1
2025-03-15 12:00:00,13.056243337428782,7.8253585166015425,2051.0250493326344,25.784805300744697,0
2025-03-15 13:00:00,14.013132483236724,41.01136064661952,2528.1986624939645,27.344403217626997,0
2025-03-15 14:00:00,13.303595479672694,42.68086310307871,2387.45716395102,26.466008980387617,0
2025-03-15 15:00:00,12.477836047957005,27.262974925214678,1984.6351959164958,24.518200336887062,0
2025-03-15 16:00:00,12.516463046684141,42.95152388042546,1960.4331181090108,23.74371203630562,0
2025-03-15 17:00:00,11.430121854845872,13.501700031402155,1630.9448570203378,24.96188841015291,0
2025-03-15 18:00:00,10.900059373322163,6.2374046309591495,1487.8010368200707,22.644572289081648,0
2025-03-15 19:00:00,11.638343159465368,8.811237008934059,1625.0624714685277,24.651425294673224,0
2025-03-15 20:00:00,11.671974155907177,15.792749991969993,1905.4419754548544,24.848945384890907,0
2025-03-15 21:00:00,11.991040322327732,28.403507783369918,1754.6024686787812,24.549172144760178,0
2025-03-15 22:00:00,11.315232746426684,6.7351245880363795,1624.6150235104847,25.977213558054952,0
2025-03-15 23:00:00,12.678669214837045,10.832544697963868,1776.5042855531385,26.34605608838186,0
2025-03-16 00:00:00,13.148259131630416,7.339376255523305,1952.8096352056264,27.596903393707837,0
2025-03-16 01:00:00,15.519191675220338,37.71944008127779,2609.9676670004274,26.175534365131465,1
2025-03-16 02:00:00,17.229433257508937,69.96740954682657,3281.3235230732416,29.23740237663433,1
2025-03-16 03:00:00,15.794180818969666,19.242470868919444,2623.2303896019525,30.353241938962295,1
2025-03-16 04:00:00,16.913629606173924,41.19152882980628,2842.2905154870455,29.983217916030696,1
2025-03-16 05:00:00,17.883401447199113,55.11503735239618,3150.099009400543,30.61923650005695,1
2025-03-16 06:00:00,16.546215462782275,32.41453430840539,2760.5545850195317,29.868096819108285,1
2025-03-16 07:00:00,16.618174429032766,22.367791214736535,2642.3438445186734,30.967376558382856,1
2025-03-16 08:00:00,18.254228898673393,56.76765546526428,3107.399674357567,29.676372764929216,1
2025-03-16 09:00:00,15.042112642774935,16.93916205042921,2452.629728845101,27.743790804614196,1
2025-03-16 10:00:00,17.206588998266085,58.56238537349629,3084.2641133672187,29.484259385859847,1
2025-03-16 11:00:00,12.997255042511831,12.349889296582658,2057.32571620987,25.815481638298305,0
2025-03-16 12:00:00,13.175121109159901,2.2550038189424857,1945.4420192277157,27.3393356931461,0
2025-03-16 13:00:00,11.962173215108006,9.498428080260746,1834.4221194990278,25.76247544463608,0
2025-03-16 14:00:00,12.2221572950455,14.680211036335233,1941.7614823378742,24.962249100354487,0
2025-03-16 15:00:00,11.38294012368523,17.597668989498445,1739.7986690731825,25.0850661563519,0
2025-03-16 16:00:00,11.750775136641778,25.541893166511237,1823.8379885172155,23.550777959665062,0
2025-03-16 17:00:00,11.375814610778196,19.0113113682242,1591.7068029216998,24.716869738086213,0
2025-03-16 18:00:00,12.524030015251668,56.39408407050314,2314.2479284047986,24.068155959146402,0
2025-03-16 19:00:00,10.988154070681935,14.055907682115162,1655.5111818693829,23.36146977943815,0
2025-03-16 20:00:00,11.297910293586598,19.890882032508937,1675.6630668204907,26.007739272702178,0
2025-03-16 21:00:00,12.425917270671622,18.48866931306738,1841.4520925461009,25.124418788799765,0
2025-03-16 22:00:00,11.505829240067017,1.8768344365410359,1486.253384532256,26.256961120109413,0
2025-03-16 23:00:00,12.033113415706309,4.031500248189395,1834.2435497787974,27.923449340085643,0
2025-03-17 00:00:00,13.278432451065374,15.85007334020587,2015.7126208462619,28.68021424295317,0
2025-03-17 01:00:00,15.393114703838993,27.17293250251381,2520.723892383987,28.47219967993494,1
2025-03-17 02:00:00,14.768143183434661,10.920342514702648,2253.8833503566593,28.136810158788066,0
2025-03-17 03:00:00,18.269543042484077,72.46382917633872,3640.4167637742985,27.405675798514988,1
2025-03-17 04:00:00,16.74337002425447,40.824203785477486,2829.3602428803115,29.846105051929026,1
2025-03-17 05:00:00,16.61445949477812,34.37679233576162,2724.603962390814,31.211278657848037,1
2025-03-17 06:00:00,17.193540428220203,42.61257905081819,2993.0803533976596,30.42517778327194,1
2025-03-17 07:00:00,15.871106944530277,28.274802019920358,2625.756035738978,25.7642766191457,1
2025-03-17 08:00:00,16.2806564687554,35.0859708599822,2698.6319900405233,30.642150797145185,1
2025-03-17 09:00:00,16.822954623383453,34.44602697529531,2848.1679674037764,30.239119329290542,1
2025-03-17 10:00:00,16.449754464716346,49.80480757017277,2945.9850810535895,28.138533367528417,1
2025-03-17 11:00:00,14.183653569150875,18.095839790084245,2197.5729215682877,28.962491145611917,0
2025-03-17 12:00:00,12.823495150287458,2.903667764351359,1805.8305080816908,27.753558497272163,0
2025-03-17 13:00:00,12.912850815592021,6.055764264781226,1707.9257144956268,25.400934713953916,0
2025-03-17 14:00:00,12.346691231191372,11.960814414590132,1963.3389596009406,27.02556133946142,0
2025-03-17 15:00:00,11.267360302058666,3.359423372789152,1418.6555451997704,23.357707348713042,0
2025-03-17 16:00:00,10.351470480870518,5.332181034445909,1304.3104889578115,24.333230183399966,0
2025-03-17 17:00:00,10.620571555477131,6.119482298412103,1522.7138423252495,23.913819745806332,0
2025-03-17 18:00:00,10.69741768499583,11.201690005102929,1475.7397452901143,23.009474217373462,0
2025-03-17 19:00:00,11.580639400853212,23.250209162652208,1980.1936944413549,24.46677516231157,0
2025-03-17 20:00:00,10.891904122329967,10.694254829695142,1496.339208386991,25.974366468134317,0
2025-03-17 21:00:00,12.59318663885631,24.569548034266,1990.2165755943238,26.375969902673987,0
2025-03-17 22:00:00,12.16337826307459,15.071002151813369,1951.141718404554,26.36839705769028,0
2025-03-17 23:00:00,12.23453916737518,5.545028324884884,1707.8406874324003,24.188435856435923,0
2025-03-18 00:00:00,13.849847200100655,20.59524755437735,2081.563963829685,25.396857238947316,0
2025-03-18 01:00:00,14.449442410541446,23.14130162704298,2434.916935549751,27.975860079018137,0
2025-03-18 02:00:00,16.232588850231217,35.10546475427477,2750.8853957266047,28.45891795069967,1
2025-03-18 03:00:00,16.53753284907502,43.585679447383356,2768.8224085608554,28.523624550561617,1
2025-03-18 04:00:00,17.676436064419327,58.09089362126274,3143.2365107183787,31.884464048299098,1
2025-03-18 05:00:00,16.35148173355503,43.2187042143971,2756.527988409913,30.024809662672528,1
2025-03-18 06:00:00,17.192580708596317,37.45182322084948,3045.5792404527465,30.65089528942898,1
2025-03-18 07:00:00,17.542426323040544,44.51858915238984,3052.8782547112605,31.08325013600533,1
2025-03-18 08:00:00,16.806928407149496,27.00283072372962,2699.6056044023276,29.66402635096032,1
2025-03-18 09:00:00,15.57119088369207,23.118495827291817,2366.7130237603137,32.23059494505454,1
2025-03-18 10:00:00,16.97913407238245,55.07553127702134,2909.5872806156485,27.371553237077055,1
2025-03-18 11:00:00,13.633336204556821,13.886761844114847,2122.0161662372516,27.049171227434808,0
2025-03-18 12:00:00,12.868389117151224,6.29720142064839,1832.670553553933,25.868609138060997,0
2025-03-18 13:00:00,13.66970550552773,23.889608543218127,2114.743760288778,28.09873280840518,0
2025-03-18 14:00:00,11.771475188807463,9.76482675256968,1795.7830567420892,26.462503049062484,0
2025-03-18 15:00:00,13.11364993629107,29.20529186833543,2244.495371350999,24.225697361178113,0
2025-03-18 16:00:00,12.709888206748722,38.49732100816446,2057.5370326510215,23.3652721387009,0
2025-03-18 17:00:00,10.89987197839324,7.303716568036898,1582.3523046517728,25.764091121855976,0
2025-03-18 18:00:00,11.26948279270088,26.29785923265448,1673.7647329502076,24.43402525840663,0
2025-03-18 19:00:00,10.081417879232864,8.498223448793837,1269.0115511367123,25.7947240834724,0
2025-03-18 20:00:00,11.595525106985404,12.205584515627098,1544.411621783842,24.329744567708744,0
2025-03-18 21:00:00,11.828571697026977,19.80240659524798,1611.1633219762675,25.492522043360594,0
2025-03-18 22:00:00,11.997641830664467,8.996458137910194,1713.6970265426878,25.860273186292876,0
2025-03-18 23:00:00,12.72762627158379,18.306759682067327,1906.457656784902,25.474609263443497,0
2025-03-19 00:00:00,13.04462619581454,13.173722241411594,1802.6144339348525,26.827027009429152,0
2025-03-19 01:00:00,15.5370768578084,34.9074727990603,2766.0670504375657,26.35529312214954,1
2025-03-19 02:00:00,16.067390377744815,39.79209193622738,2701.750249279425,29.092928188472555,1
2025-03-19 03:00:00,15.634201513636096,23.183627107670237,2374.3443621780193,30.034818839175784,1
2025-03-19 04:00:00,16.78562733243656,37.50640554329673,3015.9086165324406,30.786269651479735,1
2025-03-19 05:00:00,17.334603192770114,52.74273097377269,3144.8983471677248,30.697631350672392,1
2025-03-19 06:00:00,16.783543699448256,25.23133765388244,2884.9840018127634,29.84614783619637,1
2025-03-19 07:00:00,16.19257694932532,32.41619757168593,2778.447149273516,31.760142252959593,1
2025-03-19 08:00:00,16.625789302002218,36.76700779033118,2829.9111192866594,30.668846396628854,1
2025-03-19 09:00:00,15.406504465021067,19.11671950621247,2539.0341468423408,30.78757590554815,1
2025-03-19 10:00:00,15.27709808583614,20.14988730094109,2483.8842971014255,30.241544045364375,1
2025-03-19 11:00:00,17.071666209748702,57.28022041096155,3052.6715384294553,27.625737548939384,1
2025-03-19 12:00:00,12.552033490367341,8.683924663646744,1945.5417072981334,27.465455348271952,0
2025-03-19 13:00:00,13.32090185318762,9.682382677378234,1908.3073722281044,27.153021084889453,0
2025-03-19 14:00:00,12.720298824062175,23.673235049067866,2065.593663714059,24.121029854958852,0
2025-03-19 15:00:00,11.26050720657683,4.29200863478319,1547.7710614608445,23.52631184958579,0
2025-03-19 16:00:00,10.736386401728755,13.36306325103418,1590.4034630346775,22.842749813452574,0
2025-03-19 17:00:00,10.606771032585202,6.364875177615572,1258.1694462648152,23.972502414908956,0
2025-03-19 18:00:00,11.22068583776546,18.276783243068195,1700.882997188826,23.60001952894608,0
2025-03-19 19:00:00,11.06662156062715,16.16502644567937,1613.0684067746377,22.379417767178538,0
2025-03-19 20:00:00,10.871091760472803,19.90621015417732,1675.6651786008706,24.581153661884997,0
2025-03-19 21:00:00,11.690260807916745,10.408579045033077,1787.1329958483202,24.763936956380444,0
2025-03-19 22:00:00,11.99649093256619,11.052932487415376,1577.6127488238815,26.91868820409241,0
2025-03-19 23:00:00,12.7431185077571,9.193540897075167,2033.358571439859,28.639117759651267,0
2025-03-20 00:00:00,13.73473426178259,13.201608620069855,2034.956161725105,27.54774040849698,0
2025-03-20 01:00:00,16.39355638217309,50.70280756660874,2880.162240170581,26.940500509668173,1
2025-03-20 02:00:00,15.815872758558772,40.4674868076276,2731.0094687936325,29.276069252816296,1
2025-03-20 03:00:00,16.10284408587149,27.33193770116901,2445.4795197115136,29.132483851544194,1
2025-03-20 04:00:00,16.325467844839217,27.473929954138697,2710.7902532508224,29.30992590681552,1
2025-03-20 05:00:00,17.71172734360843,47.56613130950546,3179.3226655427616,28.863856133451396,1
2025-03-20 06:00:00,17.33979336470986,37.276508030318695,3052.1241981140474,29.442935952933592,1
2025-03-20 07:00:00,16.40405571096488,24.149925083931436,2693.8975808426285,29.684428265338592,1
2025-03-20 08:00:00,15.239937065460488,29.13979738893245,2494.424273948479,30.562991881951888,1
2025-03-20 09:00:00,17.08662515823255,56.0894966863196,2978.164969597116,29.73455104004911,1
2025-03-20 10:00:00,15.646516059264883,32.91031670165797,2888.6280554814407,30.690691371514205,1
2025-03-20 11:00:00,14.454050373787954,15.438799522897549,2076.203595910788,28.58566282392348,0
2025-03-20 12:00:00,13.569853525516276,2.6376870291681977,2018.7243015137547,27.509153909474964,0
2025-03-20 13:00:00,13.073766034745772,18.198244476072,1886.068469527914,25.856066426125288,0
2025-03-20 14:00:00,12.108132763295409,15.14452035092366,1800.7066571492933,24.255044421784017,0
2025-03-20 15:00:00,11.373484365799698,12.816801001509397,1752.1740185858903,24.194807526216625,0
2025-03-20 16:00:00,11.628691004939988,28.499328564567925,1781.551878680301,23.562117393332386,0
2025-03-20 17:00:00,12.309780323880295,23.14422854909503,1924.6990170302704,21.029134339614675,0
2025-03-20 18:00:00,10.099640287112486,2.762853819541566,1358.8187717199576,22.789641860910994,0
2025-03-20 19:00:00,10.404611077375788,15.220142084515004,1646.3017459326984,26.02487423477198,0
2025-03-20 20:00:00,10.948193174606716,3.7630300606711566,1402.6089982375584,24.844244044197428,0
2025-03-20 21:00:00,11.951689635656315,9.347910421800162,1693.7554314411718,24.426851030026192,0
2025-03-20 22:00:00,12.38480569051569,3.420351753707516,1801.021460348712,25.978175786567984,0
2025-03-20 23:00:00,12.514009085800168,3.5793215059448604,1719.263952040931,23.879457433817002,0
2025-03-21 00:00:00,14.418899809004252,20.136453913441375,2370.021705331854,27.338517259754916,0
2025-03-21 01:00:00,14.496604907660057,23.669680114245786,2282.0722676021956,29.30944785108457,0
2025-03-21 02:00:00,14.749532504052414,24.228536615705554,2577.8051838048887,28.354660863492644,0
2025-03-21 03:00:00,15.780016013163458,22.701708233924286,2620.8778591530668,26.9949329120613,1
2025-03-21 04:00:00,15.964675501505717,20.42660890792989,2472.461813513082,29.101347569621332,1
2025-03-21 05:00:00,16.6539251631433,28.709799543103387,2825.3964694768665,31.432891872846895,1
2025-03-21 06:00:00,17.20239155686151,38.56377930135248,2995.0319399663895,30.310355588277204,1
2025-03-21 07:00:00,16.671453378047534,37.52216393164888,2855.978802760992,28.19580536511492,1
2025-03-21 08:00:00,17.720095588767435,58.611769114302454,3330.9848380529697,32.43923122637403,1
2025-03-21 09:00:00,17.73523387820779,51.044902181782234,3089.9163753983885,27.616750124065558,1
2025-03-21 10:00:00,15.810738123240107,24.740381976758286,2486.61644190477,28.20849050206406,1
2025-03-21 11:00:00,14.09932206646466,14.470607408796976,2181.6511596226,26.531593934525134,0
2025-03-21 12:00:00,13.1084351237892,6.541920939760583,1906.9533458448605,25.756797582103705,0
2025-03-21 13:00:00,11.810022343488058,2.5087357199025018,1671.6237658574253,25.68096152581025,0
2025-03-21 14:00:00,11.865847474886627,4.286632361576647,1643.9394739101983,26.263380191815422,0
2025-03-21 15:00:00,12.275398657153824,18.58712992155133,1703.7452425110107,26.427317390703966,0
2025-03-21 16:00:00,11.783154420923005,24.46274473254164,2126.1338422699237,23.938521982207693,0
2025-03-21 17:00:00,10.705481484870194,11.21360261885275,1349.7619445389803,22.890050256110904,0
2025-03-21 18:00:00,14.141281538298099,75.66975691166903,2591.8872951419075,24.57436717999177,1
2025-03-21 19:00:00,10.52965704017059,4.3369138762460215,1334.4124840786606,24.711778815847815,0
2025-03-21 20:00:00,11.465210351941415,2.181558012670125,1651.1145520547739,24.69037539131074,0
2025-03-21 21:00:00,15.155544499695296,74.72087625126302,2633.006223932145,25.209567431928342,1
2025-03-21 22:00:00,11.583052084037611,2.912137956958934,1653.5291589836027,25.364920264387635,0
2025-03-21 23:00:00,12.862229200883867,11.068360241155347,1899.628249595107,26.341323890159412,0
2025-03-22 00:00:00,13.156666393168585,7.141305127103822,1968.5757688488047,26.782018645651654,0
2025-03-22 01:00:00,14.690215148705544,24.948450044347748,2526.8428028628273,29.06074960775208,0
2025-03-22 02:00:00,15.330136808796166,20.289293788029113,2561.1068113541496,31.1741514008469,1
2025-03-22 03:00:00,16.634089939990577,38.66711573439258,2795.446654629928,29.33690412560829,1
2025-03-22 04:00:00,17.41493320738082,46.28012848454744,3089.337108553356,29.590189513787703,1
2025-03-22 05:00:00,15.696476950471384,21.793438885913538,2451.552569232716,30.20481111769526,1
2025-03-22 06:00:00,16.497043150655195,26.31297309765286,2785.524676780383,29.21049383882005,1
2025-03-22 07:00:00,17.252882842891555,45.56658286378004,3007.8826733527467,30.815751524193004,1
2025-03-22 08:00:00,17.27131837753364,50.94683886606427,3127.6899103661303,30.127487902250767,1
2025-03-22 09:00:00,15.907087046015288,31.024419522594165,2509.7483182219653,28.616756093908414,1
2025-03-22 10:00:00,15.786016987402535,31.01358359433072,2656.829179104238,29.58248018285095,1
2025-03-22 11:00:00,15.86876387450563,48.46735373906836,2598.2336463854367,27.79924485732214,1
2025-03-22 12:00:00,13.010942334044582,10.414188639811695,2005.249548331616,25.835932033830844,0
2025-03-22 13:00:00,12.51556537457952,16.722472157764077,1824.4143051257702,26.64546819919989,0
2025-03-22 14:00:00,13.65901010962797,36.93412808409428,2112.857381297421,25.784391004079374,0
2025-03-22 15:00:00,13.068598334365513,38.71572321451823,2281.8974795734753,26.031181431773117,0
2025-03-22 16:00:00,11.297760316646224,13.293472254934727,1676.8199522062393,25.399780128736495,0
2025-03-22 17:00:00,10.730933570076722,6.533057283688718,1572.5364944823336,23.971150924378318,0
2025-03-22 18:00:00,11.454951630599174,13.159451944854823,1724.0373909075415,23.433495676303764,0
2025-03-22 19:00:00,11.194959740252152,14.339210776152026,1482.4022359694343,24.104315021202176,0
2025-03-22 20:00:00,11.421975114304214,6.280049318050338,1659.9047853255727,24.837894444248956,0
2025-03-22 21:00:00,11.022105336214498,7.327853133560589,1402.4872870693453,25.459184909758395,0
2025-03-22 22:00:00,13.312923561208377,38.75685181224998,2337.155372765887,25.861694649763336,0
2025-03-22 23:00:00,13.663775293530533,21.826936996967316,2004.2748176421308,26.114628532526172,0
2025-03-23 00:00:00,13.367670092396256,11.11983509586123,1888.5210146087634,28.196180424027744,0
2025-03-23 01:00:00,13.845061456048294,9.83588479499469,2180.1918329377095,26.9672948623957,0
2025-03-23 02:00:00,15.478072688687329,17.419918462953824,2476.952715353464,31.47528414258572,1
2025-03-23 03:00:00,15.343431441759765,16.081606052220156,2552.8545059308167,30.03700479974412,1
2025-03-23 04:00:00,17.16875727688458,34.58666723608869,2881.355898809189,28.245093727549293,1
2025-03-23 05:00:00,16.998974390854055,26.31972774542997,2772.5528887217756,30.120052675990863,1
2025-03-23 06:00:00,17.068152959016945,38.45695779029383,3055.449230509277,30.927220221638557,1
2025-03-23 07:00:00,17.750619820018084,45.351998816953646,3135.7505809117606,29.478534552243538,1
2025-03-23 08:00:00,17.112854736449652,36.00747489395038,2946.109950733651,27.803903354261312,1
2025-03-23 09:00:00,16.57234207363503,24.000521514105184,2610.04271318046,27.874443613641013,1
2025-03-23 10:00:00,14.732721240979911,15.936740151132582,2437.9953816611555,29.150511533214694,0
2025-03-23 11:00:00,13.968859512694092,9.077026341604682,1897.5310599141226,25.67091736822569,0
2025-03-23 12:00:00,14.550599937625032,35.942795340968914,2431.2174991271,25.26078651378493,0
2025-03-23 13:00:00,12.354746253364072,18.00454696811365,1828.6107436133084,26.867744561013108,0
2025-03-23 14:00:00,11.980026283321035,10.408001367353165,1770.548266724958,25.232940939783894,0
2025-03-23 15:00:00,12.406859988432931,23.340296547598168,2063.603568365926,24.043743188914533,0
2025-03-23 16:00:00,11.733522008376196,31.63248282137564,1879.4818150589103,23.808245211859674,0
2025-03-23 17:00:00,10.725523160838302,7.155318591662034,1461.1030651410567,22.337245945719662,0
2025-03-23 18:00:00,11.485852224476213,17.54503536809126,1706.5890424162394,24.581344116545935,0
2025-03-23 19:00:00,10.864352350780306,17.849868063783806,1390.2079601915998,23.13437025511191,0
2025-03-23 20:00:00,12.414527951892538,41.912035483517236,2058.7506789537642,23.759021167145892,0
2025-03-23 21:00:00,11.451948538737717,10.269223704162457,1675.0345151943814,25.294821820344904,0
2025-03-23 22:00:00,11.198836516880451,5.704972587244655,1305.0501394915455,25.19204695745503,0
2025-03-23 23:00:00,12.929308760174088,19.229353186437187,1899.5018156356055,25.37795889313119,0
2025-03-24 00:00:00,14.527201038962927,24.92494952081627,2380.7520481804163,24.6126738903311,0
2025-03-24 01:00:00,14.74069099683948,21.511174302520892,2436.970288050725,28.217368150348946,0
2025-03-24 02:00:00,16.433378361018335,54.07327055155247,3068.237057212337,28.594791561129966,1
2025-03-24 03:00:00,15.760995385754763,24.38026615645899,2698.2618982027234,28.500455394339635,1
2025-03-24 04:00:00,16.76534215036465,34.00869794710604,2870.981773070697,28.35319728479306,1
2025-03-24 05:00:00,16.747913549988684,22.069120463956963,2746.8544703888274,29.913092453251373,1
2025-03-24 06:00:00,16.90127820538063,25.36042193290337,2718.609149731387,30.57656611263092,1
2025-03-24 07:00:00,17.095497905129537,26.521830051735336,2774.253376026414,30.015088136456328,1
2025-03-24 08:00:00,16.354363659558057,29.24310058055393,2683.50406597229,31.563754835943893,1
2025-03-24 09:00:00,15.870265538059295,17.513913296729932,2620.421831236305,29.967049746685767,1
2025-03-24 10:00:00,15.532418886703914,33.074551025278026,2827.9290475952585,28.37126029239109,1
2025-03-24 11:00:00,14.347210586596658,11.728331644447142,2306.10902823497,28.66239164262351,0
2025-03-24 12:00:00,15.747118584225888,66.21456522626875,2942.8891226715305,27.058394734069516,1
2025-03-24 13:00:00,12.20318323259886,6.8002477581232625,1678.5420523711518,26.277774170119645,0
2025-03-24 14:00:00,13.35571792711705,15.22906060615869,1977.3599302009004,27.055636556773372,0
2025-03-24 15:00:00,11.792918128910037,13.5975164156186,1756.4707691988274,23.80101020267172,0
2025-03-24 16:00:00,10.544484600143106,4.862464693715734,1493.941783577511,24.429895366312692,0
2025-03-24 17:00:00,10.867366570623336,11.965278868522258,1456.3762562954603,25.529874524312387,0
2025-03-24 18:00:00,10.68658905377088,11.828694682174412,1563.9961617955512,24.37078866980987,0
2025-03-24 19:00:00,11.260371827471667,28.981845561445706,1708.476939802062,23.659358938690296,0
2025-03-24 20:00:00,12.268193822153359,19.83625995562129,1800.1274600384465,22.354532070197674,0
2025-03-24 21:00:00,12.650795186275815,22.80142816331663,2022.338720299152,22.154263325807793,0
2025-03-24 22:00:00,13.303619759650045,28.487895658612743,2258.5075871239887,27.99141742771293,0
2025-03-24 23:00:00,13.251265892029245,23.101290661062677,2171.436595841028,26.593757050193307,0
2025-03-25 00:00:00,13.2638810240714,17.42080284413052,1947.7318652398294,26.299112233096576,0
2025-03-25 01:00:00,14.498437369343005,12.31124655207873,2174.6915762021913,28.195805402263314,0
2025-03-25 02:00:00,15.82937479476456,26.4857465295182,2783.5052468182244,27.362791034035805,1
2025-03-25 03:00:00,14.459164292223504,19.946800564655096,2408.3624099039907,28.72387881068412,0
2025-03-25 04:00:00,17.19112524523899,30.137146038745726,2768.3795418404325,28.468947739761855,1
2025-03-25 05:00:00,17.066824612509542,30.660782020319623,3004.479911726392,28.20184917738972,1
2025-03-25 06:00:00,17.12931403272594,32.02344663523557,2950.4781100830705,27.474018064994493,1
2025-03-25 07:00:00,17.117671118823008,22.73314767977208,2989.7783303186397,27.98058860819258,1
2025-03-25 08:00:00,15.822039374742124,17.422504536143382,2458.6734575553733,30.82362152807829,1
2025-03-25 09:00:00,15.777001208092074,23.6146610035494,2459.846594368287,27.93706199010774,1
2025-03-25 10:00:00,16.347081709264376,43.824157135067765,2985.72988073144,29.141870534163452,1
2025-03-25 11:00:00,13.826709748035432,20.20996025582079,2149.683371763473,28.924434003121956,0
2025-03-25 12:00:00,14.410460219935246,31.95785814385561,2351.6292879312873,27.019895622248892,0
2025-03-25 13:00:00,12.761714610032275,5.846829950691868,1767.9558311780584,25.865262209907236,0
2025-03-25 14:00:00,11.886363399207548,9.02357810601626,1836.7431427146369,25.6596275046334,0
2025-03-25 15:00:00,14.381854123848932,69.09260346299983,2763.8256279037573,24.378735216611446,0
2025-03-25 16:00:00,11.264612685910931,6.238461594144258,1534.1273965035875,25.846614903114563,0
2025-03-25 17:00:00,11.194260036325618,22.441961787064873,1672.700693674433,26.354063170106183,0
2025-03-25 18:00:00,11.411029284905522,22.41339491579026,1849.2415907740578,25.739774196445147,0
2025-03-25 19:00:00,11.913012728953131,20.450356541984696,2168.242389738465,21.520346639404533,0
2025-03-25 20:00:00,11.775582823865047,22.673290769354193,1858.0603838268996,23.877491678014508,0
2025-03-25 21:00:00,10.762132504999238,6.142408239177861,1568.9706226175217,24.883670622977586,0
2025-03-25 22:00:00,11.545346223682028,9.91853061967549,1572.7899946350956,26.055669552507027,0
2025-03-25 23:00:00,14.22882498211653,42.970188505062886,2367.5560966217854,24.15076541944981,0
2025-03-26 00:00:00,13.901789295955869,22.563187638729122,2180.4921494234513,24.907867607557264,0
2025-03-26 01:00:00,14.25535300516601,12.388357069786332,2088.247920975339,29.34460483485792,0
2025-03-26 02:00:00,15.351603312834612,15.916916469061526,2334.5751562998475,27.829056817668032,1
2025-03-26 03:00:00,17.794641185970505,48.41790319461953,3238.437577313292,27.336432737415713,1
2025-03-26 04:00:00,16.656065527727552,24.01567284093337,2814.9548431133385,28.273707242085827,1
2025-03-26 05:00:00,16.4682691474714,26.507087627475556,2741.030564462903,30.36634705084186,1
2025-03-26 06:00:00,16.126200028605712,24.627137300627545,2598.2948780513925,29.012942776243804,1
2025-03-26 07:00:00,17.770067600839614,45.40128919860655,3260.67023586774,30.187728249488057,1
2025-03-26 08:00:00,17.618911804179387,48.91736851577305,3107.6388223607796,28.423603376057567,1
2025-03-26 09:00:00,15.767490013073253,25.549162657352547,2406.258267353327,27.02828019069876,1
2025-03-26 10:00:00,16.46146320164738,41.755770389689104,2887.0954812335767,30.209256195865642,1
2025-03-26 11:00:00,14.767538880149894,24.21691064209789,2488.396316217071,28.254285028854532,0
2025-03-26 12:00:00,12.723392881577963,4.307648509875354,1586.4286645855975,26.59949896651427,0
2025-03-26 13:00:00,14.384254942357005,40.66156906591268,2303.5521635791893,25.597908798674325,0
2025-03-26 14:00:00,11.906836530873878,4.5705795709381825,1619.0159509200048,27.257880442890542,0
2025-03-26 15:00:00,11.653379242581245,12.190259367699012,1754.0125873823547,25.588515711074898,0
2025-03-26 16:00:00,10.74342714003065,11.43809447433008,1510.9834084908136,25.778099426609547,0
2025-03-26 17:00:00,10.330247528645653,9.623349170278996,1390.4003436836176,23.401791308145768,0
2025-03-26 18:00:00,10.13515407967145,1.127478880897192,1407.5549298177834,24.060799848215495,0
2025-03-26 19:00:00,13.299070813807013,59.02609881611933,2323.308180747915,24.584861220328634,0
2025-03-26 20:00:00,10.81838597578327,1.4084575436191331,1457.3860919587567,23.741840857470002,0
2025-03-26 21:00:00,12.48667783217627,42.58139687462637,2079.529874553056,24.764041125636027,0
2025-03-26 22:00:00,11.326730157570376,5.699012183501192,1490.3022569946402,24.79966759214002,0
2025-03-26 23:00:00,12.661116616857143,7.926367190663031,1903.8973857890837,26.70241390169487,0
2025-03-27 00:00:00,14.529244889393233,39.494139972412505,2541.196908741484,25.41432700337926,0
2025-03-27 01:00:00,15.006006481656184,25.957781514312124,2507.3442777972487,28.462821158404182,1
2025-03-27 02:00:00,14.456566037636733,12.878101251491401,2217.8946624162736,28.8728558420915,0
2025-03-27 03:00:00,15.023949678929831,16.94177736252589,2363.092746821155,28.87735010935076,1
2025-03-27 04:00:00,17.022762308629517,35.644355759368075,3037.897372065759,30.13749678613585,1
2025-03-27 05:00:00,16.24409880930592,23.79685444065555,2528.551241396994,29.45984892238761,1
2025-03-27 06:00:00,17.38365868222986,41.595277478044764,3198.8902797064807,29.195843110407257,1
2025-03-27 07:00:00,17.55117056062461,42.752934042016605,3210.97629079872,30.550248864613625,1
2025-03-27 08:00:00,16.436143504688022,23.70498267841541,2762.9131318156406,30.30249301753865,1
2025-03-27 09:00:00,15.321185371158643,22.509528599805147,2476.188003348511,28.512596056988787,1
2025-03-27 10:00:00,14.82996783646041,28.832099599962575,2470.9949323923015,27.788337249308437,0
2025-03-27 11:00:00,13.44685299320352,11.262435019970615,2106.9266601509908,27.556888954795273,0
2025-03-27 12:00:00,13.124184146871633,15.05204899842909,1915.5321207519683,26.337593216623254,0
2025-03-27 13:00:00,15.221328124951965,72.11436716597468,2853.2458065858323,28.053685796551044,1
2025-03-27 14:00:00,12.455714484318216,19.595747699989317,1980.0915735808962,25.879770857033066,0
2025-03-27 15:00:00,12.020528631771473,9.755485151633021,1699.9672358430391,24.896199936697133,0
2025-03-27 16:00:00,13.187802268473845,63.435962177059125,2382.8856381106475,23.282653820219835,0
2025-03-27 17:00:00,11.708194952095777,27.584333004272565,1894.6897131683859,24.989009857576793,0
2025-03-27 18:00:00,11.111004958543601,4.606519177481194,1437.4337418834382,23.2660741200667,0
2025-03-27 19:00:00,10.925875957099564,5.6686204503867295,1600.2586055116767,23.318925747835532,0
2025-03-27 20:00:00,10.571565016639443,1.6885042883918235,1465.6767483229187,25.329061384338484,0
2025-03-27 21:00:00,12.004647121552894,18.544031043503484,1907.2688946379128,25.343466921630625,0
2025-03-27 22:00:00,11.6815939608446,0.8059854222892746,1621.757048512859,22.49586286903749,0
2025-03-27 23:00:00,16.020858934168455,63.37939769704622,2929.0111291591857,26.034217948174973,1
2025-03-28 00:00:00,12.877038987021018,10.922618412432357,1842.1530726356318,27.150623544657037,0
2025-03-28 01:00:00,14.885151033561774,34.122299148013866,2529.001572362215,27.368941748370258,0
2025-03-28 02:00:00,14.594478431829849,20.00265288355599,2405.3698197166964,28.69243639882772,0
2025-03-28 03:00:00,16.175558728832005,32.41120418272765,2707.7050722501144,26.94969474006869,1
2025-03-28 04:00:00,16.109164572079397,29.665507883027743,2820.258239424725,26.200851492144444,1
2025-03-28 05:00:00,16.905658896852774,33.99027864332663,2970.913487263897,28.72721559282284,1
2025-03-28 06:00:00,17.97336678201561,56.25702962453674,3359.6973824901993,30.33869654612058,1
2025-03-28 07:00:00,19.06815222351625,69.51258100055222,3512.9561054079177,26.027830004642162,1
2025-03-28 08:00:00,17.985311694049685,64.65187009579662,3308.4587540351636,28.585820930666028,1
2025-03-28 09:00:00,21.462125099799685,127.7390426158491,4584.518486577312,26.81400718052041,1
2025-03-28 10:00:00,14.431939574359154,16.831062843756637,2394.9270691812576,28.20885099296225,0
2025-03-28 11:00:00,14.515159053732791,24.982094171104034,2256.853554623203,30.125936244854575,0
2025-03-28 12:00:00,12.668235713588093,7.000914670060236,1902.7739590631522,26.739388806403216,0
2025-03-28 13:00:00,13.424705432601698,35.11889403037414,2093.5346086705817,26.09453945029534,0
2025-03-28 14:00:00,12.348120244778697,4.872937729215867,1641.9573528475912,26.50707712894595,0
2025-03-28 15:00:00,13.051471811758809,36.743272697689385,2084.019924853331,24.90424752581321,0
2025-03-28 16:00:00,11.224305369945414,16.819191836712896,1600.7967171259752,24.143933664419496,0
2025-03-28 17:00:00,12.15801107539479,13.004063948697683,1741.2622607084556,25.214197630106845,0
2025-03-28 18:00:00,10.416526926497873,14.40744375245096,1420.5954931990636,24.566264580614167,0
2025-03-28 19:00:00,10.917242475448989,3.916109356936761,1472.2942094822022,24.448573435012506,0
2025-03-28 20:00:00,10.650728082507689,4.332456350856168,1707.3764917349936,24.23538760556559,0
2025-03-28 21:00:00,11.90582338544924,17.08104388654546,1883.177547810538,24.46340201076783,0
2025-03-28 22:00:00,11.897986415768269,16.9807754153836,1851.8693036251902,26.6006050622781,0
2025-03-28 23:00:00,12.29482174973135,7.341536448302601,1666.649896787383,25.819787720837404,0
2025-03-29 00:00:00,13.033680221013041,10.808852629322333,1831.111886137639,28.477503455227044,0
2025-03-29 01:00:00,14.566711161963749,26.405795034610136,2355.3276297793445,26.519881495760448,0
2025-03-29 02:00:00,15.01355675501088,16.04999576110732,2256.4598356302454,30.22054074540683,1
2025-03-29 03:00:00,15.0115058485369,15.539071000470365,2346.9110395267735,29.6877684432658,1
2025-03-29 04:00:00,18.14366124801488,61.4611031924465,3300.154944699701,28.435834303690875,1
2025-03-29 05:00:00,17.338360529057734,37.45168589728227,2944.8236081493237,30.508551840329915,1
2025-03-29 06:00:00,16.388902571616725,28.7794381482582,2876.255320386083,29.219636522019265,1
2025-03-29 07:00:00,16.08321696031935,26.296802409381133,2607.769810177895,29.93789114408413,1
2025-03-29 08:00:00,16.01360657856574,23.305526769701697,2570.6429282109093,29.01412364677917,1
2025-03-29 09:00:00,17.219414662019688,49.153602289874485,3019.15758187233,28.961825746600027,1
2025-03-29 10:00:00,15.049551158007812,13.141676212453966,2263.091948613366,29.629716952571766,1
2025-03-29 11:00:00,14.922613619044135,24.939090890704232,2598.684003473557,28.398671117883644,0
2025-03-29 12:00:00,13.673782534685301,19.748451169034595,2183.3417121695193,25.649561529877307,0
2025-03-29 13:00:00,12.863919857522534,26.46410380289905,1953.3135684657925,24.94182713470232,0
2025-03-29 14:00:00,12.100911238905272,9.646987810892973,1773.8275439865072,25.82493073231853,0
2025-03-29 15:00:00,13.055649732946467,41.34015051899424,2256.048965477895,25.29050420871526,0
2025-03-29 16:00:00,11.79593313875494,27.096743121865046,1839.7133109119914,23.592589813382215,0
2025-03-29 17:00:00,10.47528732995411,9.326464233680587,1339.305842132623,26.011801100711303,0
2025-03-29 18:00:00,10.976899956061647,6.633878697656187,1630.376379995427,24.976193924723514,0
2025-03-29 19:00:00,10.518794657636418,12.376995866767608,1411.4369428275384,23.35153088267108,0
2025-03-29 20:00:00,10.847880684668395,9.01834411224064,1608.6101568980246,23.535217409667492,0
2025-03-29 21:00:00,11.34892635161917,5.510044087946366,1569.6334664774163,24.60530379998436,0
2025-03-29 22:00:00,11.404999754823002,14.991756280045777,1891.948878924404,25.101774706711055,0
2025-03-29 23:00:00,12.73177795952817,10.877606736308827,2071.2103496023637,27.730931857170482,0
2025-03-30 00:00:00,15.000756462668532,48.94335222126064,2748.3770046395766,28.18142756759363,1
2025-03-30 01:00:00,14.35777142066347,14.180095184901372,2117.611528634255,27.818540551509194,0
2025-03-30 02:00:00,14.90340028724809,16.569259740155008,2480.965748338119,29.313486673066897,0
2025-03-30 03:00:00,15.691628705375855,28.275368248812754,2586.7780850666104,30.108890615173113,1
2025-03-30 04:00:00,16.74125535399972,34.962247651428726,2881.9601209853577,29.66798908527309,1
2025-03-30 05:00:00,16.735267782093555,38.1446865969001,2814.3972389268292,30.380919894110043,1
2025-03-30 06:00:00,16.954028771220177,38.669496915131724,2872.0571971919608,30.713025064910738,1
2025-03-30 07:00:00,16.963736066987313,33.8892785797067,2899.136328031592,30.48290434724584,1
2025-03-30 08:00:00,16.457516159705715,30.952075055052063,2834.3204579128637,28.66351161718238,1
2025-03-30 09:00:00,16.027608727589985,37.6861919871189,2627.617971638511,28.30806863474449,1
2025-03-30 10:00:00,14.53932208513321,14.958801173201923,2378.932905277711,28.15368640597672,0
2025-03-30 11:00:00,13.479783001870356,11.796668746205347,2043.4180827911805,26.928460000451413,0
2025-03-30 12:00:00,13.06217125666862,2.1853143186690263,1992.8982196165703,25.232279312837143,0
2025-03-30 13:00:00,12.33140569514304,5.0532250847513955,1719.3127975153352,27.034685217831356,0
2025-03-30 14:00:00,12.478262552361986,32.38387603876947,1998.0750963518833,25.91568975224299,0
2025-03-30 15:00:00,12.32074332584937,22.735353323618,1864.7795161869628,23.271439764889315,0
2025-03-30 16:00:00,13.356436761342419,53.85595286999149,2226.446249638166,24.112823734573553,0
2025-03-30 17:00:00,13.078361068412573,44.627981894386146,2272.614177926405,23.881079540429724,0
2025-03-30 18:00:00,11.430629269109488,22.895521275602885,1712.1830078648238,24.21833331421193,0
2025-03-30 19:00:00,11.235737353108522,16.058180234917707,1587.8831363127938,22.803915582755625,0
2025-03-30 20:00:00,12.001415671854645,14.37977912930595,1696.8394447070036,22.777130705453356,0
2025-03-30 21:00:00,10.6626671479165,0.7141626781069623,1338.707844908592,25.502349051680905,0
2025-03-30 22:00:00,11.55393579378063,12.974825038589163,1628.8484120551816,23.659245585277645,0
2025-03-30 23:00:00,12.065178717115982,7.920806976816957,1862.1671925644164,25.944346673026693,0
2025-03-31 00:00:00,13.305246982662386,5.317029442966196,1763.7460450123413,26.60870737709017,0
2025-03-31 01:00:00,15.00011990378067,25.14417286220443,2250.003415620989,27.628515953435322,1
2025-03-31 02:00:00,14.969804071336414,21.56861362109821,2538.6457689262384,28.803261145413206,0
2025-03-31 03:00:00,15.904431164720096,29.326799551940162,2744.4434757262634,31.039605084933292,1
2025-03-31 04:00:00,15.718083660153585,21.780875180847723,2474.608910053141,27.67868557064431,1
2025-03-31 05:00:00,17.881324392988258,47.3534800391689,3061.0292286966137,30.949675378146505,1
2025-03-31 06:00:00,16.207076392035084,28.960360224029063,2712.838697318965,26.985410512642346,1
2025-03-31 07:00:00,16.889760695414093,38.401888888391106,3187.3552289004415,31.570230857447974,1
2025-03-31 08:00:00,17.128538190604814,27.05456136582881,2828.7160577856184,27.146633002708775,1
2025-03-31 09:00:00,15.281524234177729,14.623885160711906,2366.281941965443,32.044993909201324,1
2025-03-31 10:00:00,15.80893050667364,30.651759054157957,2670.8750256960684,28.03227860462745,1
2025-03-31 11:00:00,13.962886257807526,17.47198091968249,2081.162836793876,29.324916808235386,0
2025-03-31 12:00:00,12.821143528653854,1.9708530529339279,1754.7578168100702,28.30098722809303,0
2025-03-31 13:00:00,11.803933836027428,3.8328611186826724,1752.165569498076,25.69975595512728,0
2025-03-31 14:00:00,12.746169676784413,28.69315984607718,2120.7445671269393,25.06830093817512,0
2025-03-31 15:00:00,11.021018411214849,2.1179996245410253,1472.8755075868612,23.874088900681688,0
2025-03-31 16:00:00,10.308756378156469,8.725884495160532,1553.8148403063683,25.346767988379774,0
2025-03-31 17:00:00,13.14305430069924,57.36192075171276,2358.952035580672,23.59406079607064,0
2025-03-31 18:00:00,11.108515730256526,21.100172571555092,1660.1738180453137,23.017219766339117,0
2025-03-31 19:00:00,11.42415812838264,25.60350503075441,1742.3627063461388,24.746953735480183,0
2025-03-31 20:00:00,10.80282275298988,10.63922600131818,1507.3415814101634,23.32531205895972,0
2025-03-31 21:00:00,10.729382062322818,1.7215996261091626,1505.26790371213,24.483900906338004,0
2025-03-31 22:00:00,11.810316153200056,16.499594273567002,1896.2905676281298,25.628527037846567,0
2025-03-31 23:00:00,12.33625598434994,4.175303559498748,1769.5490415979418,25.452627477578705,0
2025-04-01 00:00:00,12.589938083871358,3.694668248277723,1725.072382468868,26.410141582896053,0
2025-04-01 01:00:00,13.810153180840476,20.049155634716964,2170.422981839011,29.618436976675078,0
2025-04-01 02:00:00,14.821660477300782,14.540417853465932,2359.59333807611,28.254917759657555,0
2025-04-01 03:00:00,16.110737979643325,27.52306830805292,2825.569416218718,28.689767991819224,1
2025-04-01 04:00:00,16.05493794672597,24.181645567186123,2686.5721774886265,29.387926045670888,1
2025-04-01 05:00:00,16.12041545827496,32.27833426011426,2814.5727203293486,30.44312346506607,1
2025-04-01 06:00:00,16.959703106185852,28.163299432957352,2833.8602444463654,28.759363580791366,1
2025-04-01 07:00:00,16.28437636322238,32.6117052744309,2733.55503738268,30.41043595941727,1
2025-04-01 08:00:00,18.241019696578757,59.193539851912234,3455.569598011028,29.90506043942448,1
2025-04-01 09:00:00,16.385486610899807,40.216498190240316,2899.8416553585585,26.974933882670676,1
2025-04-01 10:00:00,14.880331400623191,21.970224120488584,2365.129168583544,30.653106724090605,0
2025-04-01 11:00:00,15.864046082373726,42.08447987949684,2666.914704451099,29.529433408223653,1
2025-04-01 12:00:00,13.769093532624064,19.316819118354932,2084.458396282764,26.039324480706252,0
2025-04-01 13:00:00,14.433699707883214,34.9726094842478,2457.4978453831973,24.876631019455562,0
2025-04-01 14:00:00,11.616415766585687,2.475064121147743,1570.2823434470129,25.773661796430293,0
2025-04-01 15:00:00,11.283042318793294,4.602994254151184,1547.9443955153363,23.167643711042917,0
2025-04-01 16:00:00,10.909746914757529,16.330435236124806,1729.7823071561781,26.039063333089366,0
2025-04-01 17:00:00,10.616346617863703,11.69332618727671,1438.624965774706,23.54007803822995,0
2025-04-01 18:00:00,10.810152222687087,13.322253814179632,1563.0457045914522,25.94616831397058,0
2025-04-01 19:00:00,11.799148510959999,22.033875373088136,1746.5791118983552,23.112938476669264,0
2025-04-01 20:00:00,10.916709830020237,16.474569150508202,1477.040084294438,24.267281285966522,0
2025-04-01 21:00:00,12.483855828551958,28.116055766939304,1982.8591918649474,26.3993347843332,0
2025-04-01 22:00:00,12.914782862645508,27.50563137326829,2039.6099169256322,25.112112624433284,0
2025-04-01 23:00:00,12.663608658507183,4.863475824110514,1773.7289973366028,26.550052956503052,0
2025-04-02 00:00:00,12.693402933617737,0.5214001900259413,1813.6607690393203,28.311190506765527,0
2025-04-02 01:00:00,14.158283566374134,9.679006531224198,2134.7320248673236,27.109200194306666,0
2025-04-02 02:00:00,14.4406817979549,14.161914568739913,2465.395649318452,26.985913091342738,0
2025-04-02 03:00:00,15.283100659335865,28.39414483401501,2523.1071081553096,27.37086762799042,1
2025-04-02 04:00:00,15.794988971966255,31.40797915564166,2757.2980464337197,30.298195510678774,1
2025-04-02 05:00:00,17.09741638876069,30.35612857635159,2909.3674629943976,30.36431154326431,1
2025-04-02 06:00:00,17.616144510836516,39.951495640555265,3076.838025657344,31.273995807697307,1
2025-04-02 07:00:00,20.501924405787037,95.90523609574105,4064.3858292689265,29.56892381608812,1
2025-04-02 08:00:00,16.66347938217734,28.128447200338112,3069.7540173791244,27.881191502232777,1
2025-04-02 09:00:00,16.060520027896306,31.075339207499695,2786.605759222276,26.298017576021767,1
2025-04-02 10:00:00,15.354869336012,23.31951587470987,2605.463821295356,31.941555041221896,1
2025-04-02 11:00:00,14.393307615972775,12.605427512889259,2119.458570721017,28.408764757552873,0
2025-04-02 12:00:00,14.184027169658407,22.20390305140766,2080.520770057684,27.164150107298873,0
2025-04-02 13:00:00,12.75727261149596,10.301841669559515,1818.3055359927628,26.557910577068945,0
2025-04-02 14:00:00,11.956969161978112,5.855969494138439,1740.8426714557104,23.782393262121136,0
2025-04-02 15:00:00,11.701109805633447,6.353620663071596,1609.6311239215413,23.92483326728485,0
2025-04-02 16:00:00,11.991693160423441,28.927412125208086,1936.0708808333932,26.493919942236182,0
2025-04-02 17:00:00,11.212046797472686,21.750425063037433,1682.8234115744913,24.8922392641555,0
2025-04-02 18:00:00,10.476370427052471,8.31464489659518,1404.8072938811563,23.083682810846476,0
2025-04-02 19:00:00,10.934077876640385,19.676487470696117,1649.6309920127976,22.63004412743288,0
2025-04-02 20:00:00,11.269648165450086,13.463657180428072,1696.2701813752903,23.783090857913077,0
2025-04-02 21:00:00,11.60679578478677,17.188645247634803,1856.729515244596,24.500162879772862,0
2025-04-02 22:00:00,11.927167737732516,7.226709403910814,1559.3317713098672,27.958975243016162,0
2025-04-02 23:00:00,12.565063733998212,4.321623480809246,1839.8608072350785,25.997622013533285,0
2025-04-03 00:00:00,13.544526135662506,10.2459084218156,1906.3398039019078,25.57253785904023,0
2025-04-03 01:00:00,13.497843273988071,10.42757024075913,2173.376385105858,27.706134298975503,0
2025-04-03 02:00:00,15.281417312813247,14.816578122691269,2293.66251711293,28.817206162053512,1
2025-04-03 03:00:00,15.18792944954523,16.821304669124864,2644.2315005462106,27.584664450454863,1
2025-04-03 04:00:00,15.401842826142015,17.85045965833244,2504.1520202644615,30.08067485269643,1
2025-04-03 05:00:00,16.453800712584442,27.784349773946737,2804.514629982941,31.34847662159304,1
2025-04-03 06:00:00,18.52371431779143,53.31175657384182,3332.402797236284,30.166405539900914,1
2025-04-03 07:00:00,17.486105704716266,46.3968344525511,3013.2308712757144,28.941299296647625,1
2025-04-03 08:00:00,18.15164841774187,64.02974390816827,3376.8052455880393,28.963431686269278,1
2025-04-03 09:00:00,15.19076245296406,18.71949366469271,2458.514090402977,27.130717171565475,1
2025-04-03 10:00:00,15.206871212660204,33.40650355522239,2589.6594459852713,28.339397719076867,1
2025-04-03 11:00:00,14.509522966403413,17.094160472135208,2184.337650871712,28.149393083503497,0
2025-04-03 12:00:00,13.470752125159933,6.365340753472315,2048.017885338948,25.92404089816161,0
2025-04-03 13:00:00,13.917591500970182,30.376617021361028,2145.5434956619965,28.55118304592558,0
2025-04-03 14:00:00,12.271632436992077,12.03141500032217,1834.5344159264112,26.450735394541496,0
2025-04-03 15:00:00,10.233312840495877,1.3930532638973858,1509.2729684006092,22.72734684970218,0
2025-04-03 16:00:00,11.262773725770135,26.84557319354586,1682.5700016985918,22.275208718437657,0
2025-04-03 17:00:00,11.434145946227039,18.545094472948847,1713.1491199797279,22.921393957888274,0
2025-04-03 18:00:00,10.564329869689558,14.993795288783657,1400.2667300271826,25.887822488111127,0
2025-04-03 19:00:00,10.367451839627053,3.5607453398624873,1456.5015223528171,25.171328573795673,0
2025-04-03 20:00:00,10.932114378005965,16.59118620936215,1604.7656527005709,26.350378423316467,0
2025-04-03 21:00:00,13.364452931407161,41.957543223507855,2202.6864578206273,24.890930800315576,0
2025-04-03 22:00:00,12.270467855055587,18.107316437768883,1720.6181019246897,25.24861280644533,0
2025-04-03 23:00:00,12.325403024968873,2.173180862674195,1724.3936118094412,24.726531481419617,0
2025-04-04 00:00:00,13.680646544626928,19.305310462075344,2258.7296384737947,27.419620709899938,0
2025-04-04 01:00:00,14.486864761990605,23.44699319910233,2254.6195487723844,27.541055335007115,0
2025-04-04 02:00:00,15.284048931964131,34.993624717867704,2607.0251945843133,28.218393371421623,1
2025-04-04 03:00:00,16.208807224386927,31.97695273794082,2783.6930627043107,31.06298135282307,1
2025-04-04 04:00:00,15.388447921995024,22.15635995511999,2689.3813799220025,29.446461487915787,1
2025-04-04 05:00:00,16.001468099135895,33.59508379909088,2595.572905719138,31.49495521172436,1
2025-04-04 06:00:00,17.097912836566866,30.41987008387634,3089.4064251637074,28.094310406628864,1
2025-04-04 07:00:00,17.79939387289938,35.16553740271358,2979.3690044191726,33.123512158302674,1
2025-04-04 08:00:00,17.019832139180984,48.58163312147285,3191.112337573087,29.15015165724688,1
2025-04-04 09:00:00,15.195190376065682,20.98037581155795,2513.975301601893,29.969941171488582,1
2025-04-04 10:00:00,16.935163409459136,62.09797311520623,2945.121095047437,29.53952749433578,1
2025-04-04 11:00:00,15.279791196760476,24.375495940760295,2449.1350968349916,27.17962905885714,1
2025-04-04 12:00:00,14.061301297774598,26.968911418457957,2217.6178421445215,27.98283610807077,0
2025-04-04 13:00:00,13.602739398674313,24.118801981566314,2170.000716418943,27.268746676589977,0
2025-04-04 14:00:00,12.248776207976713,18.546952419746184,1857.5890151239325,24.64422659874525,0
2025-04-04 15:00:00,11.90729690945668,21.553049806216137,1862.9662314125824,24.037119387422088,0
2025-04-04 16:00:00,11.629037149218867,24.081653305816538,1707.4574918433814,24.45629197682845,0
2025-04-04 17:00:00,10.469879606301237,5.286293670075394,1515.9170460383073,23.963629783910466,0
2025-04-04 18:00:00,10.814395817511329,12.711985442276678,1386.2102532260596,25.67175611501944,0
2025-04-04 19:00:00,11.117886843806925,18.436091807050936,1918.3550704230897,24.945424343066914,0
2025-04-04 20:00:00,12.844748516786513,32.37089293017574,2218.2172070493816,24.317415505290953,0
2025-04-04 21:00:00,11.477539521334688,5.288115082417324,1737.5566311461969,25.60597320688943,0
2025-04-04 22:00:00,12.041617928564996,8.681691763573824,1859.327930037271,23.04401630664398,0
2025-04-04 23:00:00,12.046902354589996,9.903942156529165,1838.7156332782058,25.485169696334214,0
2025-04-05 00:00:00,13.448955521928614,16.017571471027466,2228.301891168169,27.345385209982727,0
2025-04-05 01:00:00,14.518046147295381,15.687959808341796,2200.251619308264,29.11489573757842,0
2025-04-05 02:00:00,15.277753620828173,31.63397072774055,2432.98936802986,28.739723201586752,1
2025-04-05 03:00:00,15.669805486376786,15.626680770456542,2615.21781414517,30.871207143532803,1
2025-04-05 04:00:00,16.361702975704997,29.115565321599306,2892.5518132317206,30.639604040983713,1
2025-04-05 05:00:00,18.49937107285882,64.43495473206507,3439.0314054030387,29.311782169981505,1
2025-04-05 06:00:00,16.205823452809387,30.53850449163434,2702.67096996968,29.83196322485548,1
2025-04-05 07:00:00,17.093680129599264,38.57924457807702,2907.0452343604406,30.387883502353475,1
2025-04-05 08:00:00,17.07691318550866,45.86850657609607,2840.108350075454,29.059713547925718,1
2025-04-05 09:00:00,16.478902956349277,32.8746479364751,2858.706755764009,30.95886855705971,1
2025-04-05 10:00:00,16.825410769179065,65.57849677618556,3038.015865947642,27.169528638849275,1
2025-04-05 11:00:00,14.336331193042918,19.75631474298269,2319.442892342577,28.15578487581699,0
2025-04-05 12:00:00,13.881306222703499,22.538707336718776,2104.453530327371,27.882536176326045,0
2025-04-05 13:00:00,12.583217010533705,16.60468219669943,1798.2703435894111,25.847406477339227,0
2025-04-05 14:00:00,13.38054543786811,38.43909876499628,2270.5063889633993,24.85344080082113,0
2025-04-05 15:00:00,11.88170355899463,9.11287418824585,1570.4224185577157,24.787382100700405,0
2025-04-05 16:00:00,13.420519801294663,58.90975533900593,2527.9455868609207,25.37632200398883,0
2025-04-05 17:00:00,10.697895859959011,7.020194710396272,1291.2879593951543,23.502404924099373,0
2025-04-05 18:00:00,12.18345445396091,48.38798633072456,2080.1059964961837,22.71729457570885,0
2025-04-05 19:00:00,10.243273032458578,4.610099255627524,1113.5018084378557,25.482924253524438,0
2025-04-05 20:00:00,11.5141869854133,23.140161547028843,1521.3886040749398,24.881079556169336,0
2025-04-05 21:00:00,11.767554104065171,13.463679015611465,1904.5759208851644,26.08810857302784,0
2025-04-05 22:00:00,12.894964927258156,28.08000575344019,2305.4718928538755,26.41119807752088,0
2025-04-05 23:00:00,12.48811227680592,19.664232423427404,2035.6738056972747,28.8394100346306,0
2025-04-06 00:00:00,13.764958800043177,26.88042366507606,2184.9881740625865,28.337966442727847,0
2025-04-06 01:00:00,13.96332951634096,9.59992622177264,2066.394323484331,26.90756166105763,0
2025-04-06 02:00:00,14.429550756738568,11.934535527329151,2369.6505437902456,29.064321560677644,0
2025-04-06 03:00:00,15.3627580071911,17.75271470108296,2411.37557283411,28.45233387830732,1
2025-04-06 04:00:00,15.590786263112737,20.818775514771673,2636.26672520312,29.053124814747967,1
2025-04-06 05:00:00,16.321945081649122,23.678784064035028,2707.6503002394124,28.202776998128833,1
2025-04-06 06:00:00,16.234926988544906,27.527431546527644,2727.2362474275546,29.656664181760153,1
2025-04-06 07:00:00,16.437395618936964,26.776800129744373,2701.802185960908,30.551818625108844,1
2025-04-06 08:00:00,16.42678570392428,31.07590400486096,2827.5774785819895,29.518850165192898,1
2025-04-06 09:00:00,15.003200892383408,19.86592895728394,2393.913535457885,27.802078259661172,1
2025-04-06 10:00:00,14.703151246413706,16.240423222463217,2396.535139479173,26.6723768010381,0
2025-04-06 11:00:00,13.844124700526239,16.332065517770538,2166.797226713266,30.310672257884466,0
2025-04-06 12:00:00,13.950804890988373,31.193388196593908,2376.7650640964844,27.39019290364984,0
2025-04-06 13:00:00,13.07978891189052,8.958470527017514,1997.9184548752564,25.23465986117242,0
2025-04-06 14:00:00,11.95962569279367,12.941398466722305,1762.7621269738145,26.054140151643736,0
2025-04-06 15:00:00,11.178330301334457,14.933758593223356,1825.6307849078014,27.505702949807755,0
2025-04-06 16:00:00,10.240872559640664,4.976682608240478,1241.5236423500444,25.146478620221725,0
2025-04-06 17:00:00,10.938698918005036,9.847338525999422,1437.8456186865874,20.757741078298576,0
2025-04-06 18:00:00,10.279576378585356,6.788461860939908,1425.514948026047,27.182750025584333,0
2025-04-06 19:00:00,12.535390389792934,28.90343386793871,2068.0985779831362,21.883126744784335,0
2025-04-06 20:00:00,11.288139101320189,27.04411293165073,1618.5870808862926,24.1547094541944,0
2025-04-06 21:00:00,11.346544975089937,6.076204336757362,1544.2731040412282,23.51859449640095,0
2025-04-06 22:00:00,12.659379256135745,12.715070915261606,1953.673938584643,24.611997468032037,0
2025-04-06 23:00:00,13.20653993880209,22.553345866698944,1982.348254417253,26.564834486671344,0
2025-04-07 00:00:00,13.179239940573174,17.88267536234932,2096.3474992711954,24.514771789441596,0
2025-04-07 01:00:00,14.423193086274644,24.735232250568913,2414.452381268186,27.668162432720177,0
2025-04-07 02:00:00,15.139841197635285,15.011699247100479,2342.3516128945394,29.876810907289617,1
2025-04-07 03:00:00,17.72677307622123,61.215298759873704,3443.3212253255106,28.109431954054468,1
2025-04-07 04:00:00,16.56601552417982,24.69658662587782,2731.368118366811,27.92973413942274,1
2025-04-07 05:00:00,16.649871087134816,26.477817797108457,2918.896380954188,29.730611356280285,1
2025-04-07 06:00:00,16.428053218656956,23.085067830903718,2672.330218079078,29.593990211938348,1
2025-04-07 07:00:00,16.22286547770337,30.94002649610716,2751.0203407244303,29.183504274465857,1
2025-04-07 08:00:00,17.3441483144412,51.13257657592452,3126.3122970965214,28.17206092001228,1
2025-04-07 09:00:00,15.689147663528459,31.870304662323882,2588.1265033109926,29.744341840982994,1
2025-04-07 10:00:00,15.299148033563398,22.489154482274394,2512.8261842261236,29.214316213729912,1
2025-04-07 11:00:00,14.912926510610651,30.662244845772236,2435.0245562445793,26.497681053960065,0
2025-04-07 12:00:00,14.44230505160957,33.16215547561035,2316.304130563706,25.88729562647559,0
2025-04-07 13:00:00,13.386403859307258,26.995974259899675,2216.357023281439,26.38733325749922,0
2025-04-07 14:00:00,11.002339918495595,1.197649613832741,1434.3117996920823,24.342034010294842,0
2025-04-07 15:00:00,12.424845622653288,25.66266904849099,2000.8349179422823,25.093074035676644,0
2025-04-07 16:00:00,11.1478947546303,20.216094905984125,1673.4765197965316,26.16357962298596,0
2025-04-07 17:00:00,11.077448682506413,5.930681186149485,1562.880921497465,24.03043530365886,0
2025-04-07 18:00:00,11.099860524497988,20.286730856846994,1618.0326460356978,22.54366035907291,0
2025-04-07 19:00:00,12.013769260396039,33.864940583927805,2002.4351773531132,24.572746717918868,0
2025-04-07 20:00:00,11.063888707160725,7.716914859749201,1527.4392504359953,24.188738113223025,0
2025-04-07 21:00:00,12.492235763792664,28.54548208421715,2049.5335117683685,24.69849121145075,0
2025-04-07 22:00:00,11.886754739146076,18.06499641557594,1888.3635625381044,26.07038744745468,0
2025-04-07 23:00:00,11.424762256128734,0.049833176514754045,1471.8797851448176,27.05278774802644,0
2025-04-08 00:00:00,13.893159925127637,13.351239940476649,2161.377543637613,27.04260259856783,0
2025-04-08 01:00:00,14.54611239255359,22.62964325444544,2326.2211504363395,27.70364075525648,0
2025-04-08 02:00:00,14.664721251278669,20.232282655074933,2508.9230170739143,30.976249788567998,0
2025-04-08 03:00:00,16.438023837354564,32.788914605347266,2826.5834307137607,30.56198514224824,1
2025-04-08 04:00:00,16.129858530244974,29.393553137262245,2669.301080641576,30.598331553031503,1
2025-04-08 05:00:00,19.266105960458006,87.11554350202134,3741.2672475598747,30.055224613923393,1
2025-04-08 06:00:00,16.56088023657526,29.54573338470377,2910.465813098548,28.79310811692603,1
2025-04-08 07:00:00,16.73129965293512,25.438361149927932,2704.4635303139808,31.25064114198803,1
2025-04-08 08:00:00,16.813149785821352,44.72840860516448,3150.495570321182,29.771229187415077,1
2025-04-08 09:00:00,15.515558902571161,24.918700049857925,2580.705878347162,28.428717526971933,1
2025-04-08 10:00:00,15.374885167881452,22.685257272451494,2581.1438041979036,28.20823145569466,1
2025-04-08 11:00:00,14.78736257269585,16.878274612609918,2284.0150036833347,26.61703805582181,0
2025-04-08 12:00:00,14.280803186009427,26.207889004531577,2306.299001327294,28.268794851583202,0
2025-04-08 13:00:00,11.943531362435092,4.320179382300632,1703.4723624813132,27.043187364438552,0
2025-04-08 14:00:00,13.407641831570704,28.499977400144232,2090.890906889995,25.71795895383412,0
2025-04-08 15:00:00,11.829464413589395,21.62327378529124,1978.8078633362843,24.827336968089977,0
2025-04-08 16:00:00,13.276904712215648,52.21975816959212,2300.437090120846,23.585121135946906,0
2025-04-08 17:00:00,11.326192964417958,16.2953274589669,1674.093914358942,21.546135348622624,0
2025-04-08 18:00:00,10.138835758139392,4.708184987972646,1390.3105389334723,22.30448772400792,0
2025-04-08 19:00:00,11.32415742693558,16.453108475230994,1628.1455245390823,23.211048113709694,0
2025-04-08 20:00:00,11.598084165994127,18.27696246303789,1902.7819132750333,23.330364130229906,0
2025-04-08 21:00:00,13.202211117822031,36.16306300010161,2241.589347133289,25.22591240597956,0
2025-04-08 22:00:00,11.131518073598347,4.694308358440653,1644.026008275431,26.473792490368062,0
2025-04-08 23:00:00,12.29226427697301,2.1761207516794703,1735.4951415312853,26.06941580201114,0
2025-04-09 00:00:00,13.321325920931772,16.755665641907648,2017.3775211281877,28.690700322145524,0
2025-04-09 01:00:00,16.746289751042482,59.08701787439237,2972.219258738528,26.836979871803603,1
2025-04-09 02:00:00,15.80119080135264,34.30179651010165,2704.560071687642,28.33735544790194,1
2025-04-09 03:00:00,17.090462223638283,39.60501202642462,2968.517237817218,29.060135728426562,1
2025-04-09 04:00:00,16.251048672049503,20.298851950872017,2688.298544637218,30.90869980595457,1
2025-04-09 05:00:00,16.67923763705286,33.731652842174036,2757.021577595115,30.024841977365757,1
2025-04-09 06:00:00,18.610200919726303,56.693139140766526,3437.714432215233,30.160282697469754,1
2025-04-09 07:00:00,17.350040962334845,37.78253515822262,2952.3957044672284,27.91196574085766,1
2025-04-09 08:00:00,15.875064692027026,19.284333750986566,2461.6917467286726,28.518188160300408,1
2025-04-09 09:00:00,15.527429720014455,28.297088223817028,2823.2671471138274,30.43646307199684,1
2025-04-09 10:00:00,15.656002349096024,32.93038994062604,2818.340498539815,26.00958928368333,1
2025-04-09 11:00:00,14.756925386801056,17.965973288778063,2284.446679630159,29.388048318224403,0
2025-04-09 12:00:00,12.731918960822965,5.40615132904627,1982.3659561514999,27.59959738674531,0
2025-04-09 13:00:00,13.903102623266262,28.080999724690784,2268.142377542511,25.326517270655966,0
2025-04-09 14:00:00,12.365101396388075,9.171665612458398,1882.5826393617474,24.50154122831141,0
2025-04-09 15:00:00,11.849864068985562,19.99345644054165,1893.6970483882812,27.153826016258314,0
2025-04-09 16:00:00,10.372463439199647,13.815030710074439,1456.3352575965032,26.095610756422055,0
2025-04-09 17:00:00,10.886912640376686,8.825613115063916,1717.0750528031635,23.958893595280667,0
2025-04-09 18:00:00,14.00398188381097,58.43767558874346,2479.7569873349876,24.161510075342854,0
2025-04-09 19:00:00,10.294343489823952,7.84907483601834,1397.1775292710695,23.3268048880405,0
2025-04-09 20:00:00,10.842250626885214,14.888944671916523,1511.4332935193868,24.563664562037996,0
2025-04-09 21:00:00,11.404782113843233,13.775244451716222,1754.9786211860883,24.069995230157083,0
2025-04-09 22:00:00,12.591647415816084,16.390363072257234,1811.6353306965243,25.405748370991006,0
2025-04-09 23:00:00,14.900454801271398,55.26767146251238,2705.008006253818,28.395938120410012,0
2025-04-10 00:00:00,13.83968900962362,22.954762439965506,2302.3945448727836,26.885263144139568,0
2025-04-10 01:00:00,14.40569755162569,13.915890794137269,2111.922530286105,26.518830877779145,0
2025-04-10 02:00:00,16.703765435841564,52.99647400277388,2870.003572927779,26.860353542417847,1
2025-04-10 03:00:00,16.39997343758126,40.44597872791726,2927.87922384042,29.273861652397006,1
2025-04-10 04:00:00,15.809510064259404,26.235197536103826,2641.2397149088665,28.685002025962056,1
2025-04-10 05:00:00,18.522845284117427,57.422811465087406,3334.105013803982,30.19370124924617,1
2025-04-10 06:00:00,16.205797862107005,22.933849454571156,2551.610117746809,28.056596288245743,1
2025-04-10 07:00:00,15.87106255293048,23.424303697223934,2674.3384527576045,30.72607764035824,1
2025-04-10 08:00:00,15.494752327860567,19.08905603636705,2662.409937471631,28.32587836520174,1
2025-04-10 09:00:00,15.052165667329657,14.899752663218157,2494.4608394488405,29.176877054692593,1
2025-04-10 10:00:00,15.85507230097559,46.03504061853232,2784.0277746287907,28.094036139072042,1
2025-04-10 11:00:00,13.666853297541175,21.749527120717392,2180.709286406032,29.838523890042353,0
2025-04-10 12:00:00,12.478904495476389,2.0369062945317404,1838.555956071779,27.20578700811539,0
2025-04-10 13:00:00,12.56453650317614,13.447371792637423,1979.9671053585585,28.55810920243005,0
2025-04-10 14:00:00,12.880409259694108,29.25542540335846,2125.2186740835937,26.172890880075116,0
2025-04-10 15:00:00,11.648015883669595,6.451037195038163,1501.1060975940618,26.589166763215367,0
2025-04-10 16:00:00,10.997375029444544,10.234315213015755,1586.9439050404444,24.151365940939105,0
2025-04-10 17:00:00,13.602120870487605,60.48231142342917,2586.00134903031,24.516826180521182,0
2025-04-10 18:00:00,10.920709862523996,11.173215570551697,1525.735242747014,25.462372306822747,0
2025-04-10 19:00:00,9.991279938297868,2.299093175044228,1162.4430117080299,25.188174459433668,0
2025-04-10 20:00:00,11.074734017392716,8.201477827287416,1538.9979395710236,25.03911572246812,0
2025-04-10 21:00:00,11.444118180388582,1.829687586742887,1724.6558225135834,24.48515785709492,0
2025-04-10 22:00:00,12.505790088048348,24.533535860180965,1837.1167479093804,25.309468207431898,0
2025-04-10 23:00:00,13.160134920276358,5.47756193909664,1772.753551771932,27.588737206616287,0
2025-04-11 00:00:00,13.207078682710533,5.278486681596176,1867.8525083048771,28.61509349847858,0
2025-04-11 01:00:00,16.679597317057514,69.74743105362887,3196.369236629566,27.06502186017183,1
2025-04-11 02:00:00,14.826135756163609,13.559686783449706,2317.3846204805072,27.607489230773794,0
2025-04-11 03:00:00,15.350315718539559,16.91383675039424,2594.799090427912,28.036359797635324,1
2025-04-11 04:00:00,16.185766017945475,21.6974041831732,2633.739971557444,30.59371695022956,1
2025-04-11 05:00:00,17.544744423600722,49.31313598842142,3323.870507801564,28.782407452392174,1
2025-04-11 06:00:00,17.076939303521605,41.93175301016082,3040.652875128517,30.981124087226096,1
2025-04-11 07:00:00,16.628531635922734,27.40909864334636,2734.3102758478117,30.552605890612412,1
2025-04-11 08:00:00,16.369201179258873,24.653626970693118,2596.476029400073,28.94396599811444,1
2025-04-11 09:00:00,16.130062908110514,34.67736493654966,2559.695515956741,30.99795152018111,1
2025-04-11 10:00:00,15.692115939481267,27.13923240334612,2571.599952691341,26.745289310278594,1
2025-04-11 11:00:00,14.729228435622181,17.064889443394037,2483.057567149009,29.767896255018044,0
2025-04-11 12:00:00,14.008072056579339,22.57386232611859,2261.3177791444414,27.382663037094616,0
2025-04-11 13:00:00,12.221694388441238,4.0226233073315285,1825.4073794800802,23.735383236701836,0
2025-04-11 14:00:00,11.885027419262633,5.58600990673011,1600.9844193194522,27.410255562986205,0
2025-04-11 15:00:00,12.38617791349598,23.57339319428607,1841.4476799510485,26.045334661504427,0
2025-04-11 16:00:00,11.606025467197087,18.386336275892027,1816.0983296738216,23.888069768550995,0
2025-04-11 17:00:00,11.30888371934692,14.336683339720349,1816.1406238052132,22.944557842843135,0
2025-04-11 18:00:00,14.165518584251284,62.88973485175355,2610.568979627182,22.11711990739394,0
2025-04-11 19:00:00,11.771382858321633,26.83992722985738,1896.785132560261,27.00075791530526,0
2025-04-11 20:00:00,10.954760586568124,8.347932708046674,1521.4681563794686,23.293865539652394,0
2025-04-11 21:00:00,11.4003585268096,6.162762345024692,1582.5426013292545,23.362373382039276,0
2025-04-11 22:00:00,12.256050958381701,19.154310628175157,1804.3567129757473,25.82150294922009,0
2025-04-11 23:00:00,13.402503191226932,35.94738474799947,2143.863300356371,24.258070704578856,0
2025-04-12 00:00:00,13.54502211459166,17.970310506373817,1988.249786183527,25.82214192186648,0
2025-04-12 01:00:00,14.149906578242367,15.241932885068664,2209.740318625152,28.970420168300265,0
2025-04-12 02:00:00,15.856674301802013,26.56842272916286,2493.19253775373,29.057052713783257,1
2025-04-12 03:00:00,15.340649621011208,16.64408212975829,2276.813864362544,28.65767639187228,1
2025-04-12 04:00:00,17.49188034332967,53.247662650791966,3186.9918241205105,29.620044218870998,1
2025-04-12 05:00:00,18.602096714866683,63.030485586083415,3379.300014758118,29.366812842627176,1
2025-04-12 06:00:00,17.464055224498242,44.86169746211692,2966.768691684015,29.92560262875715,1
2025-04-12 07:00:00,19.12346002346678,69.88756726456936,3496.517642632376,28.983603819795633,1
2025-04-12 08:00:00,16.091605453691272,26.891316884971687,2678.5420457357636,28.901789027920497,1
2025-04-12 09:00:00,16.099270380796913,31.74115248941863,2650.8976786118724,28.38850657850512,1
2025-04-12 10:00:00,15.94080393338167,35.16791150864704,2794.222826928779,27.62896697777321,1
2025-04-12 11:00:00,14.311628721557492,24.550357900098863,2142.9677773018875,29.02915033100761,0
2025-04-12 12:00:00,12.640926287808508,10.844803669953743,1756.9105871738648,27.924140870415748,0
2025-04-12 13:00:00,12.838025486845087,12.012482890034967,1887.209463603242,25.104706942623192,0
2025-04-12 14:00:00,13.685096339630055,40.71931082278012,2294.482857537124,24.066727448948942,0
2025-04-12 15:00:00,12.066287989704945,13.674701387895794,1741.0970507111483,24.689947684683744,0
2025-04-12 16:00:00,12.177661061584377,34.347092852326455,1920.5581484561642,26.988268906594133,0
2025-04-12 17:00:00,10.625154832153447,13.020073588107735,1441.247554830331,22.86897627669697,0
2025-04-12 18:00:00,12.163112777682988,34.18541092663207,1914.4594607559836,23.806530732355153,0
2025-04-12 19:00:00,10.702464155754347,15.063853685269859,1535.1970769485604,24.208687017593967,0
2025-04-12 20:00:00,12.316659548021878,23.468002198251494,1975.5399062349727,24.271553179792395,0
2025-04-12 21:00:00,11.529554997841307,7.042030685181587,1534.2958917489689,24.328827807376953,0
2025-04-12 22:00:00,12.70600994066783,17.56537687762412,1859.7945655912094,26.886095966638415,0
2025-04-12 23:00:00,12.970649333760901,7.155302658482881,2096.436102053134,26.76889321222428,0
2025-04-13 00:00:00,13.004420456360345,9.335119460601913,1944.6609230831323,28.014966388493974,0
2025-04-13 01:00:00,14.288095776861768,15.29312804274674,2271.4246511446054,28.483713074907236,0
2025-04-13 02:00:00,15.339792211321756,21.816073938240372,2520.2464628946796,29.572737986167127,1
2025-04-13 03:00:00,15.668813751791783,23.11695495102498,2657.426776957884,31.022607343128367,1
2025-04-13 04:00:00,17.093582585392706,33.33029252482321,2867.696439188386,31.19532897149931,1
2025-04-13 05:00:00,18.15871189195158,53.59008541634678,3270.8453459680304,32.68754223038226,1
2025-04-13 06:00:00,17.239634953172846,43.06233976151475,3087.1622304877196,31.46080953768863,1
2025-04-13 07:00:00,16.705315430275654,20.788872551939395,2588.0433508113956,29.094441347034227,1
2025-04-13 08:00:00,16.021959165333033,19.7266195888555,2627.1541108323518,30.61485066152044,1
2025-04-13 09:00:00,16.299169670917077,33.8292700194214,3005.9177514338166,29.973842558341197,1
2025-04-13 10:00:00,14.906792760451152,18.518197185807626,2528.609378420144,30.804353886278506,0
2025-04-13 11:00:00,14.23165664130954,7.127456791309054,2094.1739074617803,26.61586691529602,0
2025-04-13 12:00:00,13.81179340045696,7.889395421782823,2044.7086933648347,27.669541297671675,0
2025-04-13 13:00:00,13.24330192525178,20.324935342124785,1932.1382045593,25.406258450972047,0
2025-04-13 14:00:00,12.294189173445444,10.005553204330404,1698.8384991739952,26.115054124920245,0
2025-04-13 15:00:00,12.194517631498293,14.654659883290915,1823.972468608078,24.620983658920867,0
2025-04-13 16:00:00,11.494014133971785,10.915653326353638,1741.929121197133,24.977286353675776,0
2025-04-13 17:00:00,10.549014218690917,6.772470199267082,1346.4376097908362,22.409816697835137,0
2025-04-13 18:00:00,11.122792565986742,17.26691352576788,1552.773846333043,24.951871777867076,0
2025-04-13 19:00:00,11.155501517573473,5.868463437875054,1684.4345240026353,24.34949393935608,0
2025-04-13 20:00:00,11.677868354923927,26.757413684112887,1860.1720943940657,24.584555246772826,0
2025-04-13 21:00:00,11.575549385132382,2.5169019861236883,1710.5542818809874,27.21895361625709,0
2025-04-13 22:00:00,12.627396362505914,13.991865215520871,1826.6764519524863,25.041019922078704,0
2025-04-13 23:00:00,12.502827187820136,9.238750586763963,1866.429621889537,26.63426137441878,0
2025-04-14 00:00:00,12.986350393544457,8.371405556152572,1914.026393491528,27.120324838846926,0
2025-04-14 01:00:00,15.44227967161461,34.03206323768708,2655.0932778108577,28.014104127596458,1
2025-04-14 02:00:00,16.28625170937388,43.495173373878785,2995.8464267662794,31.16616468557122,1
2025-04-14 03:00:00,14.884075228622821,18.505748519436406,2362.456596326233,29.19788885445619,0
2025-04-14 04:00:00,16.709160270947265,29.229247666636702,2716.845093625221,28.917340451967362,1
2025-04-14 05:00:00,16.250223488860772,20.34007452775707,2758.893677569058,32.142860833403816,1
2025-04-14 06:00:00,17.705184373096117,47.55708758233137,3140.481739947845,29.630773481473245,1
2025-04-14 07:00:00,16.588867778295537,32.646227267247085,2811.388747730989,27.971563702216297,1
2025-04-14 08:00:00,16.492249478914037,19.59885898256139,2706.937222042679,28.709063763638856,1
2025-04-14 09:00:00,16.015209659068045,20.336787359785053,2652.02994763492,27.625415350708302,1
2025-04-14 10:00:00,14.54462760790645,13.899712434107721,2246.2377729332716,26.340041440422596,0
2025-04-14 11:00:00,13.615187499914411,10.979657101806197,2152.5273337423364,27.34083913006587,0
2025-04-14 12:00:00,12.44124444012472,1.2086316316300456,1676.7383938608684,26.915740841672093,0
2025-04-14 13:00:00,14.149919456507282,40.38555337346054,2290.072728913588,27.640176362847143,0
2025-04-14 14:00:00,11.741554965822624,4.569509861818564,1647.1510053687634,26.25528193447462,0
2025-04-14 15:00:00,11.661240463253721,13.961156157297445,1701.5162347476576,25.579280826194733,0
2025-04-14 16:00:00,11.42977498754931,20.166689151349072,1613.962571824397,23.330071782409476,0
2025-04-14 17:00:00,12.07935502084303,33.532736824639514,1834.709478731919,25.1641424354898,0
2025-04-14 18:00:00,10.694951278469535,14.408019736174024,1431.5390308564652,25.669479403678483,0
2025-04-14 19:00:00,11.013003952170742,10.753846150492432,1565.2135003939209,24.575707590988223,0
2025-04-14 20:00:00,10.619610091650486,14.965878635170753,1400.2564099378253,24.90894483220419,0
2025-04-14 21:00:00,11.706287345993914,4.333428966306534,1403.059063253002,23.361048896800273,0
2025-04-14 22:00:00,11.252807824695294,4.774905751922217,1412.3953177947276,26.76532296912643,0
2025-04-14 23:00:00,12.72307964645421,10.510896161655621,1910.069080821482,28.36053952320604,0
2025-04-15 00:00:00,12.575610572013058,0.5800567997492228,1594.1129963889375,27.387542878856298,0
2025-04-15 01:00:00,13.87203582147821,12.107176047126678,2151.1461952237973,27.06322840126653,0
2025-04-15 02:00:00,15.243398222225244,18.67185502146175,2582.836272275974,28.305606172814418,1
2025-04-15 03:00:00,18.468114179936823,70.48213824779481,3623.0439568060888,28.616815485544535,1
2025-04-15 04:00:00,17.13264746657739,54.299182252910256,2993.6890741431334,29.16553662756089,1
2025-04-15 05:00:00,17.398384406101652,39.42274986748321,3028.3815629549345,30.675357155300002,1
2025-04-15 06:00:00,17.079230273644487,48.115608816742025,3047.4044031357016,30.33535693400441,1
2025-04-15 07:00:00,16.724504040164593,24.045098785199066,2572.598366992882,31.102501406032818,1
2025-04-15 08:00:00,16.823791551516386,32.65307881082211,2807.1517259602115,30.0431592650872,1
2025-04-15 09:00:00,16.97066664576207,39.51375458062091,3012.195911876447,28.084414774785955,1
2025-04-15 10:00:00,14.330421034857723,14.778366754385358,2387.969666485378,27.899169571380725,0
2025-04-15 11:00:00,14.215935139964959,23.508279693620114,2266.7416456184983,27.101047847962263,0
2025-04-15 12:00:00,13.390507369646354,2.8230329590594274,1935.4186729522598,26.776235908057796,0
2025-04-15 13:00:00,14.00951511547438,21.692283867549268,1791.8065872388383,28.377199294390024,0
2025-04-15 14:00:00,13.36821902367423,33.083490920671856,2055.1493407601374,27.84587950997735,0
2025-04-15 15:00:00,11.317728348830622,4.9628479966776755,1436.9108879827781,25.88260109697628,0
2025-04-15 16:00:00,10.945405003648842,5.4265344298455345,1474.0634008536583,24.544440344846944,0
2025-04-15 17:00:00,11.626900608139467,32.32249341054563,1874.502612606101,22.468239857727607,0
2025-04-15 18:00:00,11.17600759368574,14.479233953408087,1543.6496799269594,24.2640099668761,0
2025-04-15 19:00:00,11.382805357806541,28.99476791138139,1817.9765656475975,23.15421376540835,0
2025-04-15 20:00:00,10.698894836891576,10.892343513573973,1565.7383502707964,26.35855006452575,0
2025-04-15 21:00:00,11.22054344732286,11.701941594764493,1721.8972741474486,22.951352828691615,0
2025-04-15 22:00:00,12.479747322774598,14.137518156263603,1822.3950499450277,25.961381199996122,0
2025-04-15 23:00:00,14.468715974112941,48.02138620368417,2500.853211122481,25.174455611511835,0
2025-04-16 00:00:00,14.217320626868986,27.20670204870741,2337.930430453312,26.988581777419864,0
2025-04-16 01:00:00,14.120804065832235,11.860277770742487,2242.029347662938,28.575738963680717,0
2025-04-16 02:00:00,14.906822897150755,26.338894612317063,2457.376996134954,29.726362426538294,0
2025-04-16 03:00:00,15.555115082257629,24.305856799197596,2583.9304852981018,29.0484921024417,1
2025-04-16 04:00:00,16.267351466927906,25.69175707317656,2834.893116774999,30.511536071571218,1
2025-04-16 05:00:00,16.649260439137542,40.50438342646444,2879.710533548811,29.10281336053268,1
2025-04-16 06:00:00,17.383956056759413,37.69947480814324,3195.154810097292,30.294646061727864,1
2025-04-16 07:00:00,15.863851038707484,24.349615654660855,2560.5573979596793,31.100426376192633,1
2025-04-16 08:00:00,16.657002057229874,31.490388825697416,2758.395947410213,29.996595585121355,1
2025-04-16 09:00:00,15.687316869951108,22.248797272559578,2440.008941874214,28.48610790791161,1
2025-04-16 10:00:00,15.54449244695346,30.072256236709595,2853.8518518851056,28.165149158923928,1
2025-04-16 11:00:00,13.851847295971801,12.91252433513645,2101.43295712209,28.99524441036528,0
2025-04-16 12:00:00,13.77871250778417,11.770114453159506,1951.7611213734476,25.689786459686214,0
2025-04-16 13:00:00,12.12679023062367,8.610431502454794,1781.0883957001593,25.090364703883637,0
2025-04-16 14:00:00,13.97461752764099,46.23880147848737,2393.770763560089,26.221906511774336,0
2025-04-16 15:00:00,11.598864202673655,14.02787374425461,1659.5353233347792,24.35170734299027,0
2025-04-16 16:00:00,13.263282521803879,47.45578190257692,2205.244955799469,22.658253953027007,0
2025-04-16 17:00:00,10.450152131483211,14.613090916488023,1156.5675289894039,25.723204921583097,0
2025-04-16 18:00:00,11.301938669952003,24.443048900938475,1746.8340605371118,22.68047965454411,0
2025-04-16 19:00:00,10.6332031006757,7.174606334680004,1448.3167954581036,23.86290650514923,0
2025-04-16 20:00:00,11.086152679576623,7.368540240512443,1624.2492781264805,23.658499016222095,0
2025-04-16 21:00:00,11.797702347773843,13.32119661142422,1843.3154622058973,24.52145947379213,0
2025-04-16 22:00:00,13.446564352985709,47.13625462756728,2375.927615929183,24.438456650818317,0
2025-04-16 23:00:00,12.832328222063355,5.239787886428707,1862.8541492052937,27.080677949924368,0
2025-04-17 00:00:00,12.87440556048005,1.0145743192470666,1686.0740840930646,27.13298822916826,0
2025-04-17 01:00:00,15.1043316985398,36.91304269045957,2685.925372103091,28.95684144956079,1
2025-04-17 02:00:00,15.637278390282738,35.68349468812165,2623.6058084899937,27.768998146149652,1
2025-04-17 03:00:00,15.431688702233135,23.256493370715198,2430.006575090526,31.680946467498607,1
2025-04-17 04:00:00,18.614396423849808,78.58448550819358,3625.262799655223,27.31249766874862,1
2025-04-17 05:00:00,19.147245748820577,82.54016791570287,3936.742629290916,27.99561558936043,1
2025-04-17 06:00:00,16.193555648134463,21.387547059550247,2706.6965114796058,32.10370181725971,1
2025-04-17 07:00:00,16.693883829620916,26.313957847635237,2936.192732123375,30.466627479802874,1
2025-04-17 08:00:00,15.929989653070686,30.553206959929696,2693.1225015130713,30.00773951102069,1
2025-04-17 09:00:00,16.50001671815424,33.753613424697676,2886.860564783588,29.638850712341238,1
2025-04-17 10:00:00,15.61995485755214,27.18243794730383,2461.0246785830527,29.18544872418064,1
2025-04-17 11:00:00,14.649295364214542,19.15601527856265,2301.2572381441346,28.136178399828555,0
2025-04-17 12:00:00,12.927453417625436,4.354927007967309,1904.3906255825527,25.84091461004994,0
2025-04-17 13:00:00,12.736897581554325,21.729637373382104,2141.1029582404976,27.20537195077966,0
2025-04-17 14:00:00,12.868751294002326,22.767447696549258,1989.9029329272482,26.292813853845892,0
2025-04-17 15:00:00,12.36745960551138,29.99456660818344,1897.646663815429,26.592797032528267,0
2025-04-17 16:00:00,10.966797799021085,3.6423460486413552,1538.18636123443,26.519013080928065,0
2025-04-17 17:00:00,11.719194208312718,11.341846890009464,1728.9891221946882,24.498793816704737,0
2025-04-17 18:00:00,10.248326161911438,8.670274361091039,1386.0085278289043,22.52694117884138,0
2025-04-17 19:00:00,9.229024549390598,3.556191540854851,1160.8206854174466,26.229250038575344,0
2025-04-17 20:00:00,10.846324764068239,11.170161437651712,1627.9685521879492,23.180143866643057,0
2025-04-17 21:00:00,11.223515664713405,4.62378667669513,1489.93312230098,25.284236688847212,0
2025-04-17 22:00:00,11.557273743817404,2.842201680097245,1585.427287527093,25.19191928829484,0
2025-04-17 23:00:00,13.12498853092184,25.9529988227218,2204.485786945406,25.706792444470402,0
2025-04-18 00:00:00,12.663319589761251,9.065104655439876,1908.4047922188295,27.917160145837723,0
2025-04-18 01:00:00,13.819401718546963,11.811331021587222,2109.7512443786054,28.069808654429213,0
2025-04-18 02:00:00,15.972011936122527,45.93965096414786,2864.8993753222644,29.115889789521713,1
2025-04-18 03:00:00,16.87262698037116,37.476133731383,3004.494270316347,28.142496795363463,1
2025-04-18 04:00:00,15.734133005278316,18.149687759142957,2563.3154340504225,29.389186252903723,1
2025-04-18 05:00:00,16.78262752445573,39.03987071663158,2837.3997563461016,28.97433550305833,1
2025-04-18 06:00:00,16.86862456876757,39.64164646634367,2870.0442186572523,29.761114094427043,1
2025-04-18 07:00:00,16.82943323397549,30.044695635873854,2840.4750251894197,29.755262809026334,1
2025-04-18 08:00:00,16.15596633365437,27.656073596159906,2595.2906665401997,31.81124121919919,1
2025-04-18 09:00:00,15.114688262886638,16.003719568240154,2254.143924390702,28.81005412619718,1
2025-04-18 10:00:00,17.822293514190473,70.74727312847547,3399.715235224617,25.94928201056309,1
2025-04-18 11:00:00,14.309398097349666,16.304970784627386,2305.0388050188435,29.450566980092823,0
2025-04-18 12:00:00,13.302426563073201,18.819813734834792,2094.5802631597858,27.53911124883136,0
2025-04-18 13:00:00,12.483683922585202,11.729381792475987,1916.9584646515023,26.06633034322831,0
2025-04-18 14:00:00,11.691754926198339,6.7556827266302175,1694.1768863828156,24.975341559766758,0
2025-04-18 15:00:00,13.059566540848254,27.590284076401623,2015.3620490982723,23.742368869172257,0
2025-04-18 16:00:00,11.022731284797288,15.901768805066798,1725.7891250717614,26.72758150515049,0
2025-04-18 17:00:00,10.22556556129459,11.219448366954676,1206.2925269573905,24.164436387524884,0
2025-04-18 18:00:00,11.10584399851859,18.647186404082234,1606.7894802555927,21.91469862782223,0
2025-04-18 19:00:00,10.903634402647707,12.779275611433494,1609.2125504426394,24.495510561075054,0
2025-04-18 20:00:00,13.33494778621812,49.90392095815869,2216.003084429933,25.849329831088358,0
2025-04-18 21:00:00,12.206657687257449,26.842555449370753,1933.9569242065706,25.066401258464506,0
2025-04-18 22:00:00,12.597946951681541,21.311218744703417,2023.685935206049,24.418087833365732,0
2025-04-18 23:00:00,12.41421050520271,2.2162302719975036,1720.193650334951,25.034253721462832,0
2025-04-19 00:00:00,14.65527572939051,21.935321834862727,2375.7861230956855,25.899217286736754,0
2025-04-19 01:00:00,15.371370701973062,26.659136526279,2544.512330298022,29.602446731763933,1
2025-04-19 02:00:00,14.678247215237208,14.722787077017156,2300.7824690297202,28.41400313371571,0
2025-04-19 03:00:00,15.299423223140336,16.28468279547639,2422.912140424885,27.106851045945348,1
2025-04-19 04:00:00,16.659971440712777,43.28171589545137,2670.0446953861747,30.05903692236664,1
2025-04-19 05:00:00,17.641616852988186,47.94570324716586,3106.805307966648,30.067021621555416,1
2025-04-19 06:00:00,16.17748573338116,27.409203237950013,2630.9733911578373,29.46132543974,1
2025-04-19 07:00:00,16.85559429519256,26.378538094974196,2784.324143894151,28.67328937156067,1
2025-04-19 08:00:00,16.712843639813926,32.98037295855849,2845.0039004806977,28.321402331626015,1
2025-04-19 09:00:00,15.820153165286944,23.177571035018467,2654.252359946832,30.425280922119324,1
2025-04-19 10:00:00,14.47289463292414,12.073799248870275,2434.9288431134346,28.797015426966034,0
2025-04-19 11:00:00,13.885400895952595,9.835672417978735,2103.2992945142496,28.350829532901752,0
2025-04-19 12:00:00,13.490746439093211,18.235292190636702,2401.885216862277,27.29371057149634,0
2025-04-19 13:00:00,12.166160343252102,4.976970217954153,1788.070114798303,26.616769310586623,0
2025-04-19 14:00:00,12.569091291105021,29.785760652262855,1928.9177244947564,24.937926403886237,0
2025-04-19 15:00:00,11.983884919247304,21.193876747433986,1760.4877658473174,24.63168443106339,0
2025-04-19 16:00:00,11.969667404255084,18.868684278407343,1661.894011082182,25.799817955156783,0
2025-04-19 17:00:00,11.314281940179256,15.369955198251683,1664.751538562412,25.799730722515793,0
2025-04-19 18:00:00,10.748356007000236,6.42962244713129,1302.063216020847,22.5334896146883,0
2025-04-19 19:00:00,11.607334062986954,23.663787057666568,1707.2281479563433,23.852311921403494,0
2025-04-19 20:00:00,11.124157938602464,6.230652344037217,1459.8142066048927,25.409066219438916,0
2025-04-19 21:00:00,12.991263265137723,31.113636474203226,1952.7175690237032,27.137175335099137,0
2025-04-19 22:00:00,13.648274317235694,44.16866535046108,2442.405822109874,27.638351497596954,0
2025-04-19 23:00:00,12.738872712985172,15.818360736776096,2032.2795373265385,25.268633486756556,0
2025-04-20 00:00:00,15.181585947993575,39.826165260228066,2656.8590308965418,28.53005534184676,1
2025-04-20 01:00:00,13.81477561360924,9.912983027240937,2068.120195308248,27.846820697835952,0
2025-04-20 02:00:00,15.890002804937621,31.393109479212317,2759.3792787435445,29.753299966650733,1
2025-04-20 03:00:00,15.62872499208932,27.802350830224785,2490.3160552200766,30.0672547605452,1
2025-04-20 04:00:00,16.749026767895483,43.64324572174623,2851.9850087648583,28.081319360275536,1
2025-04-20 05:00:00,16.48339231051537,20.241083775811845,2501.6462187781904,30.557746226819745,1
2025-04-20 06:00:00,17.265470219301932,45.07250863027172,3112.4105584607414,31.206835909403146,1
2025-04-20 07:00:00,16.95982065145865,26.430077993559504,2902.989691017931,29.873591172833773,1
2025-04-20 08:00:00,16.600636760891838,31.603635962259702,2729.6210995361403,29.30249649858538,1
2025-04-20 09:00:00,17.798164001777536,74.12597138300791,3430.6176668917033,27.235323649432058,1
2025-04-20 10:00:00,15.350575108510514,31.99408537431333,2599.9713821005153,29.320341019861097,1
2025-04-20 11:00:00,14.555219856430536,24.825565336426777,2445.00907341348,28.02695517668437,0
2025-04-20 12:00:00,13.735913805810245,18.317521661906895,2072.400353511762,25.893379302347817,0
2025-04-20 13:00:00,13.586426006038485,33.702695293346046,2213.2289577789984,25.83253486844082,0
2025-04-20 14:00:00,12.563945621486507,27.053725209114965,1875.5196221611768,25.68540389895351,0
2025-04-20 15:00:00,11.318263796535431,18.49211722439265,1710.698186104541,24.208316709577165,0
2025-04-20 16:00:00,12.263612877431617,16.58194281805605,1806.7576791850427,24.405136341658633,0
2025-04-20 17:00:00,11.087425857680516,15.630987453261504,1609.3059820316032,22.002303344488734,0
2025-04-20 18:00:00,10.841671550375938,12.983559481374598,1444.921529434993,25.619306036222348,0
2025-04-20 19:00:00,10.482603047133079,3.5653006855488893,1529.5497759228217,24.12131366309236,0
2025-04-20 20:00:00,11.313964490842695,21.604921134312065,1685.6502582781707,23.082699580858282,0
2025-04-20 21:00:00,12.136096782035134,7.88118602438553,1758.702627383538,21.927029038374997,0
2025-04-20 22:00:00,11.7042542594243,11.569643952005237,1926.6864284841056,26.734961929240068,0
2025-04-20 23:00:00,13.6174941775473,28.534740947734207,2190.937209672891,26.893252727960665,0
2025-04-21 00:00:00,12.756693355896347,13.26698919529957,1858.9798622307976,27.252822856162908,0
2025-04-21 01:00:00,14.561243292064647,17.51240312711852,2519.372852680869,28.812834736824993,0
2025-04-21 02:00:00,15.198035330500172,25.86065347451806,2561.9648892930354,29.533078075555842,1
2025-04-21 03:00:00,15.415194920593601,24.34933842391184,2552.9750392572105,29.35464602762385,1
2025-04-21 04:00:00,19.061683147056897,76.357361996829,3722.180567608161,29.29301915064401,1
2025-04-21 05:00:00,18.287581783135636,72.47048401204927,3671.7079598039686,29.39720756052881,1
2025-04-21 06:00:00,19.141805515672328,72.12467610131495,3755.556771810042,30.50513042868624,1
2025-04-21 07:00:00,16.976591638841878,37.688276468694994,2881.870154939454,31.57421512872241,1
2025-04-21 08:00:00,15.841772523778992,24.68972103367403,2715.6444900312863,29.474592405774192,1
2025-04-21 09:00:00,16.99479628875799,43.29163503348897,2790.4983935667105,30.893093230659876,1
2025-04-21 10:00:00,14.971372684877812,20.284038578529902,2495.072821902492,28.947782968142928,0
2025-04-21 11:00:00,15.176510697193834,36.3826456048962,2581.5436990841586,28.23328629752773,1
2025-04-21 12:00:00,12.937483544392846,7.010915914993149,1959.9175971282916,29.886131360788752,0
2025-04-21 13:00:00,13.003987527471608,19.515170748142104,2004.301584054462,28.206756724154683,0
2025-04-21 14:00:00,13.578026965359923,34.726187019496365,2144.952707880371,27.514331093266097,0
2025-04-21 15:00:00,12.046625495844259,10.848551115682932,1537.5327886072628,23.92154326640018,0
2025-04-21 16:00:00,11.419777248908474,10.811015938567005,1656.4372107640847,27.032542791234174,0
2025-04-21 17:00:00,10.959952015217201,2.4715002990255908,1540.2885766469,24.003562368188852,0
2025-04-21 18:00:00,10.941331527726929,7.242376690146541,1363.5625773534275,23.727010584295794,0
2025-04-21 19:00:00,11.350511566668906,18.063919418870967,1708.6124969916755,21.511124425036915,0
2025-04-21 20:00:00,12.104936731406783,20.469869164129754,1787.3069780213352,24.793472778111212,0
2025-04-21 21:00:00,12.33373335498266,23.03226348554605,1861.9990895084272,23.578654906717244,0
2025-04-21 22:00:00,11.262391658351625,1.3265900493048532,1390.6871328837115,25.98990459425633,0
2025-04-21 23:00:00,12.448084385249542,10.33188775241561,1700.372774858915,24.829664704807,0
2025-04-22 00:00:00,12.163720051211486,2.8984979120986756,1758.4551282795849,29.157239805353747,0
2025-04-22 01:00:00,14.23091467777266,22.467522785970537,2077.144365870072,28.438345890759482,0
2025-04-22 02:00:00,14.382334854201783,11.865645749093995,2432.545311072321,31.235845890899224,0
2025-04-22 03:00:00,15.03129523081106,18.260905827238698,2526.374082985123,27.893691505768548,1
2025-04-22 04:00:00,17.2490346356906,44.00383150085614,3021.4863430997416,31.45709130500293,1
2025-04-22 05:00:00,15.86286375064432,27.465748454527557,2514.5180870138884,27.7345225784278,1
2025-04-22 06:00:00,18.043969452458622,60.08462176448668,3162.658689158312,30.249690571769154,1
2025-04-22 07:00:00,17.432407147889677,42.84975740233165,3053.977579804069,29.139829734936864,1
2025-04-22 08:00:00,16.78580627083765,28.22766186836558,2977.56941138089,29.060528369052964,1
2025-04-22 09:00:00,16.4079567408779,44.265900504269496,2866.5022961653494,28.501524642069015,1
2025-04-22 10:00:00,15.534374952006333,21.813203743608867,2546.2934291144666,27.402340577578492,1
2025-04-22 11:00:00,14.84061151818615,30.649537644150755,2423.5129112250183,26.26483116732697,0
2025-04-22 12:00:00,13.199473812787897,6.8693854243174775,1930.277648752387,26.469087831682288,0
2025-04-22 13:00:00,13.538503336415129,31.515013323270118,2383.62277913473,26.36277694143654,0
2025-04-22 14:00:00,11.420572634297462,2.1411960531920293,1547.0273333375203,26.896433227951515,0
2025-04-22 15:00:00,11.315635953018429,4.111322759853591,1437.6378301178518,25.233100132385722,0
2025-04-22 16:00:00,11.298895710841267,5.018355792433469,1627.4861688665503,25.80177203019992,0
2025-04-22 17:00:00,10.404582718674932,7.6669417844020575,1460.5089775083384,22.3284102747843,0
2025-04-22 18:00:00,11.151033028042937,18.62083786365157,1766.119692416068,23.48043671314951,0
2025-04-22 19:00:00,10.541057929051133,13.92537703685879,1485.46400631276,24.955428424096493,0
2025-04-22 20:00:00,11.884858518300598,25.710496458005466,1998.5771394271806,24.81375269559622,0
2025-04-22 21:00:00,12.351686860252686,35.101471251425096,2111.108364876533,23.845269518849353,0
2025-04-22 22:00:00,11.555860392552134,1.808680414541079,1634.7307626074792,26.620882670598967,0
2025-04-22 23:00:00,14.251020043647346,38.41103486820956,2377.784622447968,25.586015046349193,0
2025-04-23 00:00:00,12.97504401449863,11.568180199969092,1947.57024575985,26.067163726327454,0
2025-04-23 01:00:00,13.942043808850572,11.721923740894194,2140.2022126279776,28.360794447903842,0
2025-04-23 02:00:00,14.405949781620821,11.091645129775706,2196.5387837772346,28.507403238401054,0
2025-04-23 03:00:00,16.962715512450327,37.89114057056169,2950.739448380738,28.493825541525187,1
2025-04-23 04:00:00,16.761683276009585,39.87204495140277,2926.3426509692313,28.929833981056802,1
2025-04-23 05:00:00,15.946566202256461,23.56522074072158,2527.556019142249,28.614021319099134,1
2025-04-23 06:00:00,15.982570684307566,24.782178751795072,2544.5483693335973,29.525102104729363,1
2025-04-23 07:00:00,16.934000713895813,46.59523039038265,2914.4708818929744,31.217788801452144,1
2025-04-23 08:00:00,17.08743906142023,36.713154768769655,2968.005978636564,29.891536766939222,1
2025-04-23 09:00:00,15.536238644239376,24.633083983846756,2458.7683849377045,30.271633240492474,1
2025-04-23 10:00:00,15.661653725604817,31.08067938475024,2645.462522026107,29.11928224520949,1
2025-04-23 11:00:00,14.961055793780712,22.963297476191453,2359.1378192217257,27.04176168694168,0
2025-04-23 12:00:00,13.368771508652774,5.39990072996294,1889.4331817501788,25.02103047025902,0
2025-04-23 13:00:00,13.129130535234335,28.924547230527757,2243.8409520041105,25.111317627047804,0
2025-04-23 14:00:00,12.927832655690347,24.615146482410292,2012.0690611342575,24.69451702668303,0
2025-04-23 15:00:00,11.21600163151162,14.21502306777705,1377.1494554930237,23.980380212090513,0
2025-04-23 16:00:00,11.714038391128677,27.291019497605767,1819.3906201628668,25.579147700878355,0
2025-04-23 17:00:00,13.332882399961703,56.17633820690368,2379.2235506673505,25.26692868135248,0
2025-04-23 18:00:00,10.17252182687262,4.715113298133805,1581.7059766570083,26.654255568331973,0
2025-04-23 19:00:00,11.548830876799554,10.953589615748678,1716.5766139288376,23.185757115701904,0
2025-04-23 20:00:00,10.99770388366641,11.479856281550164,1410.046649545432,26.31886175592386,0
2025-04-23 21:00:00,11.968691099608524,26.81390901846823,1887.1299358216154,26.788200303237275,0
2025-04-23 22:00:00,11.361024690950856,7.568238922385535,1498.2945229580007,25.22128349035349,0
2025-04-23 23:00:00,13.13502609053563,25.62267855175918,2314.184900393614,26.79180934102072,0
2025-04-24 00:00:00,13.231825021664571,8.532655368246816,2075.130541606244,28.48887989896931,0
2025-04-24 01:00:00,13.76000941100628,9.264127298684851,2138.2343603511767,27.705747588112896,0
2025-04-24 02:00:00,14.906504600180662,24.983473870981207,2519.6339130288734,28.336329867342346,0
2025-04-24 03:00:00,16.153911826413232,22.485870504073898,2723.9747917085124,28.36851543821853,1
2025-04-24 04:00:00,17.259636586487137,33.657579132147475,2984.208149642087,26.76602998895766,1
2025-04-24 05:00:00,17.4021752512247,39.208163380824146,3127.675217598095,29.98234341865333,1
2025-04-24 06:00:00,16.385500156274006,22.019073968598278,2751.14491460864,29.148156807055887,1
2025-04-24 07:00:00,16.72184563685822,28.67500948257844,2757.205687889252,28.607359130527048,1
2025-04-24 08:00:00,16.720937533070128,32.31503793086617,2906.738364489941,30.104706191526635,1
2025-04-24 09:00:00,16.48473322517456,41.52648375138939,2998.9551267489064,27.379745654574386,1
2025-04-24 10:00:00,15.552531843416892,34.76249969076357,2652.848498082693,29.467295869536645,1
2025-04-24 11:00:00,13.785658308099197,11.112025971198321,2087.276119772727,28.35677631362022,0
2025-04-24 12:00:00,13.603620627143803,12.0224665438493,2152.4019901363026,26.519768145963475,0
2025-04-24 13:00:00,13.422276405568597,20.76775106997248,2244.1039297605944,26.14757056127907,0
2025-04-24 14:00:00,11.938295116949321,11.251452759956713,1662.5986559694675,24.07173468701502,0
2025-04-24 15:00:00,10.734957595046348,6.5949246853441545,1533.550052689156,25.779085980478758,0
2025-04-24 16:00:00,11.45347383856376,13.444333485129295,1651.0972700146779,24.626760877908243,0
2025-04-24 17:00:00,11.321719496408923,19.15803401247494,1720.2735788098576,24.416442466640305,0
2025-04-24 18:00:00,11.098086177787211,5.313450119338474,1332.9581390391372,24.602268455607756,0
2025-04-24 19:00:00,11.638459266955326,22.669744645834783,1951.1149661217846,23.33132402446277,0
2025-04-24 20:00:00,11.4857069029307,15.789557427888603,1701.85076367517,22.579053858741407,0
2025-04-24 21:00:00,13.0554211941499,23.348629307469608,1930.4879459576314,26.02746170633543,0
2025-04-24 22:00:00,12.484785141824421,13.172279198101819,1998.1671153472546,26.326462096334957,0
2025-04-24 23:00:00,14.541420225949288,50.04863548630003,2517.5785211727784,25.581112300767252,0
2025-04-25 00:00:00,13.367989116674483,18.84583505498975,2128.6132058167073,27.490932238955835,0
2025-04-25 01:00:00,15.189746376190234,30.709151966154135,2331.775590459437,29.28602526176909,1
2025-04-25 02:00:00,15.29116101102319,32.594510997729316,2616.0191412886747,29.86644096370059,1
2025-04-25 03:00:00,15.716196021734522,26.018161710821804,2443.2089985158273,28.443849739841273,1
2025-04-25 04:00:00,16.708503605920164,34.76139497899298,2948.459734017265,27.811562956832162,1
2025-04-25 05:00:00,16.58971625242506,27.073208829784573,2820.6802820890443,28.317119311351036,1
2025-04-25 06:00:00,18.276930112778718,67.3842743967052,3479.668622296069,29.625928784453865,1
2025-04-25 07:00:00,17.625650830094262,39.95534757585019,2990.1083245716895,31.652558038811758,1
2025-04-25 08:00:00,16.184083111307476,23.499876321127307,2747.3864454951904,28.723941716783678,1
2025-04-25 09:00:00,16.72716949219609,53.71187295150761,2984.0715732936405,28.40572691994852,1
2025-04-25 10:00:00,15.554931717318972,22.449506193567718,2478.5912555785153,27.759706682257978,1
2025-04-25 11:00:00,15.083861591470678,33.63850586938051,2618.843804975175,27.13838017976126,1
2025-04-25 12:00:00,12.580405544546274,1.9390902107722003,1621.0307345050715,26.986527787096293,0
2025-04-25 13:00:00,14.19543754858821,34.22523765255626,2368.8373158790023,24.687482655230376,0
2025-04-25 14:00:00,12.302591254302847,19.93677304841328,1707.9744192800788,26.80123194759251,0
2025-04-25 15:00:00,10.5105154647724,5.649912096943927,1534.0336890895326,24.704894362828778,0
2025-04-25 16:00:00,11.512479654647567,19.647073514262114,1581.0276888730832,27.376885278317157,0
2025-04-25 17:00:00,12.74659121897789,43.889650395044,2278.800383481072,22.693937322872852,0
2025-04-25 18:00:00,10.25873062727653,7.9946351166337095,1305.048905601125,25.90783940618989,0
2025-04-25 19:00:00,10.317179407013207,7.885517871089258,1260.9536214992313,25.77183699871661,0
2025-04-25 20:00:00,10.641486074589222,11.708794364125827,1593.7478536536003,23.90790297803189,0
2025-04-25 21:00:00,11.65329823768709,14.869919071501975,1664.4607950912416,24.404606920225987,0
2025-04-25 22:00:00,12.302013600382434,29.94538372412933,1908.464279594658,24.394442620644135,0
2025-04-25 23:00:00,13.134048286254952,20.868115928569296,2109.3143880615476,25.131757154404845,0
2025-04-26 00:00:00,12.996774362938343,11.69932432149551,1771.6079502929683,26.999272860270235,0
2025-04-26 01:00:00,14.70539285353013,23.26377956129705,2223.808637944619,27.801292316403117,0
2025-04-26 02:00:00,16.709701715320364,59.310095229888155,3048.5555216874604,26.577173679670405,1
2025-04-26 03:00:00,17.061645088099098,38.0508952679172,2934.736192474397,31.873526731550662,1
2025-04-26 04:00:00,16.996582034708226,30.21109563347924,2932.2686273364375,29.286655982757726,1
2025-04-26 05:00:00,16.82915594461268,30.699369342381193,2967.8854309866906,29.976512211527748,1
2025-04-26 06:00:00,16.823648670370563,37.189667934125836,2951.0211679587974,29.24851507990387,1
2025-04-26 07:00:00,16.839881611250338,48.97752101818236,2873.2813020963945,29.577366031956984,1
2025-04-26 08:00:00,16.318751642580125,24.202060839432587,2715.5521595482387,29.1686224778603,1
2025-04-26 09:00:00,16.663114218258542,40.70142111604867,3062.647819389129,29.117803832569482,1
2025-04-26 10:00:00,15.734993738666338,22.65585430144937,2605.86022636372,28.48249210748628,1
2025-04-26 11:00:00,14.25812294339619,19.589628953446894,2337.5767248825773,28.742296753557003,0
2025-04-26 12:00:00,16.337472984749816,79.26509185281455,3084.031321630042,27.2726639245185,1
2025-04-26 13:00:00,13.287677227705192,24.464098999929774,2047.9074190120837,27.06868248917195,0
2025-04-26 14:00:00,12.01491848534786,8.60857597540916,1937.0120954068827,25.488227013833704,0
2025-04-26 15:00:00,11.678650474699984,19.888828556818197,1634.437979269765,25.15618272256747,0
2025-04-26 16:00:00,12.183686359223335,30.824341556215813,1784.0844987416078,24.112356969426692,0
2025-04-26 17:00:00,11.725054744699827,24.67956775051117,1874.3754925045014,25.30595660233798,0
2025-04-26 18:00:00,10.149918252063022,0.7930303445615614,1262.5354368254448,24.38714691541911,0
2025-04-26 19:00:00,10.807903629664521,13.88819992357579,1425.2140708152774,23.912532695717324,0
2025-04-26 20:00:00,11.330736015264089,20.615301535190888,1921.41926718797,24.17643162718505,0
2025-04-26 21:00:00,12.09925090259587,19.265996030316224,1848.5612553298058,24.747592446943788,0
2025-04-26 22:00:00,11.888545203349931,9.313268075386393,1671.8226856316862,25.53653270841239,0
2025-04-26 23:00:00,13.402606171442986,25.01855786195123,1983.431538655888,26.155909543229544,0
2025-04-27 00:00:00,15.035847707139373,34.337909332758585,2663.7711556528475,26.32939001374637,1
2025-04-27 01:00:00,13.674093806147233,7.2902145767686495,2057.6991666834797,28.694337801629334,0
2025-04-27 02:00:00,15.151899166314559,11.839658608020308,2430.7932224406627,29.49369119105755,1
2025-04-27 03:00:00,16.338235540878213,33.88554654051326,2870.729253675634,31.26194854904047,1
2025-04-27 04:00:00,17.176857613563783,44.00207661133632,2962.5418934966933,28.873720558579652,1
2025-04-27 05:00:00,16.399517120213797,27.347701788820153,2713.6686115445214,30.69750394904972,1
2025-04-27 06:00:00,16.734856975919495,20.88447986181585,2849.478425264756,27.70903522046078,1
2025-04-27 07:00:00,17.050968704597025,33.414455047685294,3059.925183917266,30.892629156893467,1
2025-04-27 08:00:00,16.979835347806446,36.8278838687564,2670.6846943953574,27.85017767334476,1
2025-04-27 09:00:00,16.506655049818715,24.987759416318628,2669.306691404865,27.940123019272857,1
2025-04-27 10:00:00,16.369103000009208,41.4180805500692,2780.9796733344238,28.898670394819053,1
2025-04-27 11:00:00,14.869274884112755,23.709528723189678,2232.182260016091,27.030658292801007,0
2025-04-27 12:00:00,12.658653542706519,7.1789151906751965,1960.6300047982227,26.08997578799654,0
2025-04-27 13:00:00,11.784909104085777,7.966123354949797,1652.0290829194423,25.641763637694265,0
2025-04-27 14:00:00,11.991780445530527,14.369434218383699,1752.675173373421,26.375551190302506,0
2025-04-27 15:00:00,11.293995370840612,10.162954715137767,1533.562946346825,23.759211180739154,0
2025-04-27 16:00:00,10.428962173797165,1.6683001235672208,1337.0417486332647,24.336937951579607,0
2025-04-27 17:00:00,10.626861632212044,17.220753711503832,1618.433234423099,23.647834979685612,0
2025-04-27 18:00:00,10.738012174070175,8.179551179155165,1325.3639217961347,24.983868925594816,0
2025-04-27 19:00:00,11.66720177365227,9.63232568240624,1679.2004326035728,25.1197286260322,0
2025-04-27 20:00:00,11.207369121000339,4.6662810555384455,1510.1743451147538,22.199585631723263,0
2025-04-27 21:00:00,13.872153516155821,44.74225927763059,2467.1548398099267,26.132810958957553,0
2025-04-27 22:00:00,12.676626987321582,23.319336542539034,1950.5384614763234,24.76709291224933,0
2025-04-27 23:00:00,14.446646567168782,53.044548781000884,2559.5375600310604,26.507093503008193,0
2025-04-28 00:00:00,13.599587983508012,10.794514559779449,2205.3111358151828,25.87330951153998,0
2025-04-28 01:00:00,15.42531680890632,29.571203577301002,2392.3240181578212,28.22181865855943,1
2025-04-28 02:00:00,15.266145746285305,27.477591230682208,2523.201599513583,31.56161874434531,1
2025-04-28 03:00:00,15.62023562373315,21.615230233946406,2629.033224063968,29.273919017101573,1
2025-04-28 04:00:00,16.47434030377452,28.01105907474083,2588.6846682418845,29.046258950177705,1
2025-04-28 05:00:00,17.85860912823831,42.60306562912828,3135.1734566440764,29.619183997256528,1
2025-04-28 06:00:00,16.382873916764694,24.658499742067487,2813.854643296967,28.237164051314377,1
2025-04-28 07:00:00,17.963934804547222,50.97674565835588,3352.863373159482,31.63653342226457,1
2025-04-28 08:00:00,16.664928280355095,33.594752671794154,2944.5235903457474,29.973535940469347,1
2025-04-28 09:00:00,16.9762644569019,42.65844706999838,3077.402840198554,27.86264285600223,1
2025-04-28 10:00:00,15.82395432149441,29.571620428853233,2569.03853965837,27.280418051845626,1
2025-04-28 11:00:00,13.343841766073504,7.314271437837212,1957.5459701875302,27.794795990286435,0
2025-04-28 12:00:00,14.129377841166495,13.897711980006243,2303.357065330132,28.11839447200628,0
2025-04-28 13:00:00,13.46943920947342,32.18726174235558,2066.757714948488,24.842354974207975,0
2025-04-28 14:00:00,12.70163551734672,16.06827366634016,1668.0473565292725,26.836091210240646,0
2025-04-28 15:00:00,11.833598411292101,14.218238282977506,1770.1902633614036,24.76871939409221,0
2025-04-28 16:00:00,11.589903125172773,16.054730519999055,1850.9707732490451,23.285631726638165,0
2025-04-28 17:00:00,10.52004207388855,1.4734492408903013,1366.3052747011973,23.540994009245257,0
2025-04-28 18:00:00,12.036206508901747,34.759148352336794,2045.5811143063272,26.098264652555653,0
2025-04-28 19:00:00,9.36622760963448,0.5224018196562177,1086.943992312639,22.43636651727837,0
2025-04-28 20:00:00,12.427366425306952,40.34241635444811,2033.2053970260908,23.52365224151119,0
2025-04-28 21:00:00,11.006819276178373,10.079620311743174,1403.006038160908,26.021779958002238,0
2025-04-28 22:00:00,12.165118924037333,20.718080571557714,2016.5747652755012,25.7597484521445,0
2025-04-28 23:00:00,11.80600257053566,1.2769871398409172,1507.9084867751417,25.27405388278246,0
2025-04-29 00:00:00,13.225489704188918,26.454426228033117,2122.841410580657,28.15775188363766,0
2025-04-29 01:00:00,14.813748699394743,28.18349323147791,2498.395425313242,28.991212015110644,0
2025-04-29 02:00:00,15.89759185602981,31.892012981793762,2751.475155914404,28.89766880222163,1
2025-04-29 03:00:00,15.300471900155546,15.324327201341822,2410.3151072298942,28.386444438459268,1
2025-04-29 04:00:00,16.124418554448603,23.78353011393866,2729.5369444361345,29.048110667552073,1
2025-04-29 05:00:00,17.261005986437617,38.9760073066884,3049.0656246896892,30.239388757225242,1
2025-04-29 06:00:00,17.786326745932275,54.044671382216706,3246.9528617468045,28.425685126543943,1
2025-04-29 07:00:00,16.257980301153598,24.782143754023302,2597.6768427706093,31.491119336226973,1
2025-04-29 08:00:00,16.221175884118736,22.955860177914232,2714.0051539208544,31.638327117764454,1
2025-04-29 09:00:00,16.04593330674631,32.740938149067546,2816.4617601695077,28.838174523751366,1
2025-04-29 10:00:00,18.598703067029504,84.2782483523197,3674.291398712567,28.92732539091686,1
2025-04-29 11:00:00,14.159554149871111,12.787650615410204,2197.0352045181144,29.19941958672677,0
2025-04-29 12:00:00,12.957849481270326,9.962354610976682,1839.1023933800882,29.34667300628139,0
2025-04-29 13:00:00,13.337153667372583,8.587824854837338,1908.0121442001075,28.09192046728124,0
2025-04-29 14:00:00,12.042049082482393,12.682853710167429,1778.1256371556287,23.417354983969545,0
2025-04-29 15:00:00,12.604295573226501,36.11693997773368,2038.6230356871613,24.500015230447517,0
2025-04-29 16:00:00,11.0038633396109,13.307317359968888,1571.1627101239803,25.002749690426576,0
2025-04-29 17:00:00,13.95062368515546,79.4088961774178,2663.5663566421495,23.509161764850532,1
2025-04-29 18:00:00,11.325326746776158,15.568570358256583,1686.89551991115,26.139320094048436,0
2025-04-29 19:00:00,11.792312021468199,38.77995424914606,1844.9024953104858,26.057472728495917,0
2025-04-29 20:00:00,10.69848863181356,10.69356391977861,1440.2531364870008,23.42280761913606,0
2025-04-29 21:00:00,10.862321310665557,3.578753649880748,1471.4114289439644,24.68379963255342,0
2025-04-29 22:00:00,12.110937806017175,13.287417463243063,1982.8236161270688,24.600535036572516,0
2025-04-29 23:00:00,12.856765221762728,22.15977476347885,2195.980089082493,25.989388731764986,0
2025-04-30 00:00:00,12.605085968757844,6.525370644043612,1720.5557752030857,26.729481180799745,0
2025-04-30 01:00:00,15.916335937053697,39.44431350486795,2801.5688162891825,28.921566633003792,1
2025-04-30 02:00:00,15.265606391261004,19.01186174162447,2554.143937387262,27.433842403519275,1
2025-04-30 03:00:00,15.73812698734537,18.810646402832305,2351.2640267215447,25.981220817612765,1
2025-04-30 04:00:00,19.16569650149526,86.26744844337658,3483.251781401417,27.672624512671486,1
2025-04-30 05:00:00,16.632247992772417,25.479761243762237,2732.932020850575,28.66381554361907,1
2025-04-30 06:00:00,17.511773926841435,28.748900507147113,2952.171138244627,29.213170093203512,1
2025-04-30 07:00:00,17.735047022012438,44.51255170985149,3275.1402802978782,30.12238675960542,1
2025-04-30 08:00:00,16.209117675706697,27.664982722880332,2626.4831191807425,28.302323524718847,1
2025-04-30 09:00:00,15.803633286426683,19.011424654992584,2705.9965269427116,27.66799963524782,1
2025-04-30 10:00:00,14.968049786061183,17.902723037560964,2104.8971271780842,27.384663098817416,0
2025-04-30 11:00:00,16.456637991151865,60.8104604171522,2979.8317364004984,26.437672333915902,1
2025-04-30 12:00:00,13.616372478787776,22.806800220568245,2160.4571236643765,26.33460750684545,0
2025-04-30 13:00:00,13.804874030999317,26.56037057952863,2286.9575908711763,25.506797989618388,0
2025-04-30 14:00:00,12.341400635642922,17.838156444052718,2026.8831119057477,26.326868180368727,0
2025-04-30 15:00:00,12.293994307471655,20.486824764137936,1929.7162938132142,23.691244394356794,0
2025-04-30 16:00:00,10.872034904950473,9.602815637162522,1377.7719737272091,23.972807834651018,0
2025-04-30 17:00:00,11.166418162805606,15.982276816554096,1708.2323533693218,23.448195305232744,0
2025-04-30 18:00:00,10.464014786386779,1.012380007959643,1379.3078763744925,24.970661971245082,0
2025-04-30 19:00:00,11.081448102739152,30.609964004213083,1667.468312697756,23.917087389911583,0
2025-04-30 20:00:00,10.663345832112366,9.517008933644235,1290.2517994571726,25.662759856725707,0
2025-04-30 21:00:00,11.15193214026947,3.981653374837406,1642.6750849562732,23.49583544523447,0
2025-04-30 22:00:00,13.124314238045393,16.789481519928408,1830.5987512412066,25.440760069878245,0
2025-04-30 23:00:00,12.471774318959723,11.852848840789624,1729.7199054883495,25.53247364425641,0
2025-05-01 00:00:00,14.031497020978382,29.767030443869437,2310.8259165445547,25.528744682537017,0
2025-05-01 01:00:00,13.98608789810116,18.731970371256367,2310.269918967449,27.695443886125435,0
2025-05-01 02:00:00,15.273518498764995,17.727112356288945,2359.1458872130656,30.57951330988209,1
2025-05-01 03:00:00,15.57456250940484,27.996298861518838,2471.248431725481,28.097829780048276,1
2025-05-01 04:00:00,18.1034803393055,59.48309494492946,3529.97523932863,29.445130233147918,1
2025-05-01 05:00:00,18.037435765127434,49.85915210518914,3300.933807316473,28.323099535356064,1
2025-05-01 06:00:00,17.607995516067092,42.758611691281146,3029.4097162422445,28.24892667371519,1
2025-05-01 07:00:00,17.946675783191203,50.89415546641639,3163.646352831751,28.9530746836557,1
2025-05-01 08:00:00,17.138125406287443,41.52168785905618,3023.5415707208163,29.05809659739833,1
2025-05-01 09:00:00,15.378324190066865,19.82262900400564,2374.806145176559,28.6346206944424,1
2025-05-01 10:00:00,16.012718462894448,36.731261184876615,2749.8838737122155,28.22876998190493,1
2025-05-01 11:00:00,15.285067010740368,39.68637316682877,2484.07634713091,25.798457966463662,1
2025-05-01 12:00:00,14.687009706042035,36.00462127507239,2439.6190769298746,26.248864546191584,0
2025-05-01 13:00:00,12.386887390539007,4.401596156402499,1609.5906282811768,26.825653032776938,0
2025-05-01 14:00:00,11.696945361743145,8.774538845269678,1573.771621335683,23.87010591252676,0
2025-05-01 15:00:00,11.338567196325384,7.509623031709314,1779.1065376116842,24.452504822626302,0
2025-05-01 16:00:00,11.009934416233714,10.594731650847818,1564.7995751371752,24.753336300572286,0
2025-05-01 17:00:00,11.58514297611575,20.861277310771,1717.4288566974983,23.163502214704476,0
2025-05-01 18:00:00,10.106098331854922,16.425097968557946,1354.2861801042843,24.409829275393015,0
2025-05-01 19:00:00,10.449526515573266,16.429295149149084,1541.1241885176262,22.276870985870772,0
2025-05-01 20:00:00,11.011485542479608,3.102871237413113,1478.1844346257312,25.46806327616529,0
2025-05-01 21:00:00,11.827162360505438,8.448139992410042,1621.8094811837805,25.31764053615263,0
2025-05-01 22:00:00,12.635704724811095,38.03827121462751,1976.2053033008456,25.566798484211333,0
2025-05-01 23:00:00,13.896035409383147,34.39618015666499,2314.5782702675306,27.573324496259275,0
2025-05-02 00:00:00,13.340297130621423,13.349616920337855,2084.280160992047,26.60478112891608,0
2025-05-02 01:00:00,15.17502157063676,31.965478454272276,2658.8395745119847,27.035029800353144,1
2025-05-02 02:00:00,15.47410562198235,29.334383091625508,2499.391161376619,30.147053140916462,1
2025-05-02 03:00:00,15.96267030663635,43.28810486419895,2663.6910317325655,31.330239306241342,1
2025-05-02 04:00:00,16.739020341176474,45.04306821151452,2924.175439482872,28.76595096401206,1
2025-05-02 05:00:00,16.625268634138525,33.65393915334836,2757.086013240577,29.76128559433782,1
2025-05-02 06:00:00,17.568380577181532,42.87280112594972,3160.1154856006915,31.254051051913745,1
2025-05-02 07:00:00,16.402116393474845,39.72701257796413,2672.0407489404492,29.80400347669427,1
2025-05-02 08:00:00,16.728415727547056,31.997323236019273,2755.1617449318614,30.311582421838953,1
2025-05-02 09:00:00,15.993986686258616,26.144028863891755,2795.2413669725865,30.05780466054565,1
2025-05-02 10:00:00,16.978251462171812,60.163432705418515,3133.8072842375786,27.825234509332205,1
2025-05-02 11:00:00,14.639334285339793,19.86944339129743,2394.617521535819,28.279586731388076,0
2025-05-02 12:00:00,13.691506232769784,25.494277223638775,2061.8811899993702,26.99256876658809,0
2025-05-02 13:00:00,14.466442308445137,47.37588349926588,2331.1176388507924,24.76330055262008,0
2025-05-02 14:00:00,12.591459625577068,22.84197585586351,2133.624660347015,24.31241682428618,0
2025-05-02 15:00:00,11.64090458231144,22.019693992688612,1854.9469451660043,24.09577934716479,0
2025-05-02 16:00:00,11.185268698308736,14.768853113481308,1645.219577615534,25.516147609609767,0
2025-05-02 17:00:00,11.13074225466754,20.712495555450143,1555.6836674807312,25.255852315908804,0
2025-05-02 18:00:00,10.372398069774324,11.08623349601039,1511.6460104022146,24.89989550198594,0
2025-05-02 19:00:00,14.123490545988892,86.71531218917909,2740.4001980598773,24.630355365051535,1
2025-05-02 20:00:00,10.926277424580809,3.1983882447457215,1566.9827403818692,24.897315357234337,0
2025-05-02 21:00:00,11.821132449879084,12.703449698518636,2002.4483891642476,25.211752195906186,0
2025-05-02 22:00:00,12.279993746911751,23.146882160656553,2024.7168053316434,25.989116466505877,0
2025-05-02 23:00:00,13.361183533965892,22.035770397430383,1991.040778347062,26.793977965089244,0
2025-05-03 00:00:00,12.629949732715803,11.068204501596314,1695.188681369367,25.314693401127098,0
2025-05-03 01:00:00,13.768096581036076,7.045539913125782,1854.0935472424676,26.82816056017462,0
2025-05-03 02:00:00,14.986942396411846,13.913962105661206,2487.0347376251093,27.265294050621257,0
2025-05-03 03:00:00,16.047892413739998,31.569172978588245,2598.2954830153167,30.44989435274435,1
2025-05-03 04:00:00,15.737633674802417,18.451328801628907,2520.636434519163,31.58299633565368,1
2025-05-03 05:00:00,16.7618205600549,43.79422501840871,3149.8980804253883,27.294919974372576,1
2025-05-03 06:00:00,18.120411102838258,56.62759396671622,3497.1714673243073,31.877777534245993,1
2025-05-03 07:00:00,17.55121718458993,47.34124637072898,3111.154917277997,30.00184312710505,1
2025-05-03 08:00:00,17.534101176737863,49.79149408537585,3080.699571069076,30.81333999434385,1
2025-05-03 09:00:00,14.777361621433188,15.35095674984639,2438.4651355117894,29.729080929061507,0
2025-05-03 10:00:00,14.963284681791155,21.487307714312625,2361.4550008609403,30.228474064320018,0
2025-05-03 11:00:00,13.459389834583616,10.372460621709699,2047.2555093469248,28.028148055336825,0
2025-05-03 12:00:00,12.967656359927622,2.367920947010782,1892.048191150272,25.363854649424578,0
2025-05-03 13:00:00,12.553080620005336,9.337248990703861,1860.8959414215285,26.09673300416447,0
2025-05-03 14:00:00,14.450649028930693,46.51749217348567,2643.1074959097764,26.118787255328193,0
2025-05-03 15:00:00,14.215122714139929,56.13856423297864,2509.6026235966137,24.61952633459925,0
2025-05-03 16:00:00,11.148215032734058,5.993781614332505,1613.0128329370232,25.191201855229878,0
2025-05-03 17:00:00,11.114840279325364,15.628161374643339,1469.7897703922754,24.023385654764294,0
2025-05-03 18:00:00,11.203918918788313,20.471025949231084,1731.497341889792,23.285388817062156,0
2025-05-03 19:00:00,11.555108595166224,11.565785984834823,1438.4634729903626,22.79904846115893,0
2025-05-03 20:00:00,12.205978595611,38.63091378493256,2109.798137832136,23.931745329606564,0
2025-05-03 21:00:00,11.35539071458934,9.478982929368705,1699.6900539091416,25.124165636080736,0
2025-05-03 22:00:00,12.119298819380553,7.979131781468049,1699.6086333465782,23.148729834892716,0
2025-05-03 23:00:00,13.029472546627067,6.352424813749779,2073.813210673161,25.287451171834114,0
2025-05-04 00:00:00,13.70069520913315,11.489272018288835,2178.1644686221944,24.603969546270612,0
2025-05-04 01:00:00,14.053112742667414,5.358161929783606,2167.1258772268707,27.035967310533998,0
2025-05-04 02:00:00,14.63207845818155,22.011040191092405,2537.9130665240564,29.936777681144616,0
2025-05-04 03:00:00,16.889612440513197,30.62106909490123,2916.3359324290773,27.697980685484893,1
2025-05-04 04:00:00,16.39359360718891,34.71251132198155,2685.4015899915807,30.441867906386907,1
2025-05-04 05:00:00,17.039759073254398,24.15825000572597,2882.2453874064645,33.31636763164195,1
2025-05-04 06:00:00,16.3910878242817,37.107111041000046,2848.9786812980583,31.74424575750882,1
2025-05-04 07:00:00,17.016761798357464,36.120412148230216,2865.409637524675,30.057993535336685,1
2025-05-04 08:00:00,16.631544191936623,34.44575877112601,2920.4034530599083,30.628197558309218,1
2025-05-04 09:00:00,17.111581103140406,42.59313722785299,3068.2162805559205,27.47770098063553,1
2025-05-04 10:00:00,14.621964297013593,14.605518364919227,2174.47013476669,26.611902415907206,0
2025-05-04 11:00:00,14.254931485947122,16.872820378224056,2171.6149040380205,27.810894866203164,0
2025-05-04 12:00:00,12.487454433288105,1.684253205907536,1842.0204064065172,27.47833267616224,0
2025-05-04 13:00:00,13.362578652907924,26.407766057888615,2123.5663459272405,27.536828005791477,0
2025-05-04 14:00:00,11.810501553771271,5.49665186783981,1751.4235809693525,24.817485430318502,0
2025-05-04 15:00:00,13.325445404565665,31.95207140772645,2433.895208663973,25.1107542376745,0
2025-05-04 16:00:00,12.570843868615517,32.82580427117539,2008.1702600120468,24.592857656510276,0
2025-05-04 17:00:00,10.814995883867045,12.794217753283842,1459.109433835105,23.944549594441085,0
2025-05-04 18:00:00,10.167300025783701,12.183138688755758,1363.7154967209242,23.913030148639198,0
2025-05-04 19:00:00,10.358296872676638,2.839995986330195,1329.126544979131,23.076577117965286,0
2025-05-04 20:00:00,11.895370216209807,15.18571359274323,1527.5001564536806,24.737572678708503,0
2025-05-04 21:00:00,12.944180525329207,28.256581859673837,2011.1710579178964,25.11273963267439,0
2025-05-04 22:00:00,11.60159636150815,18.99139107488877,1946.0876356421215,24.971985880852856,0
2025-05-04 23:00:00,14.169318974758848,42.18605520146811,2374.3592865321657,27.02247198392069,0
2025-05-05 00:00:00,13.879938684319098,10.442517774260867,2226.1599215907204,28.233397906118576,0
2025-05-05 01:00:00,13.984402804320535,15.605631933512786,2122.0572190457065,28.589308690478134,0
2025-05-05 02:00:00,14.643681437917419,15.927044349660529,2322.3550701460904,27.249068015927023,0
2025-05-05 03:00:00,18.593386142570317,77.98661221556647,3634.0119303802567,29.24089526379408,1
2025-05-05 04:00:00,16.281087506223585,20.124923078160247,2702.307904551477,28.50435833591714,1
2025-05-05 05:00:00,17.439954943818986,45.98887125416611,3264.0717783046985,30.01364317442695,1
2025-05-05 06:00:00,18.217058834400593,48.71774755190376,3228.3390334134565,28.910955963576104,1
2025-05-05 07:00:00,17.78364645777711,47.08017715591404,3256.5156260455537,31.43037348369299,1
2025-05-05 08:00:00,15.746294180009052,23.810695260713388,2581.7922359417335,30.538073974177284,1
2025-05-05 09:00:00,16.406025138603024,26.929673947972685,2748.4573568988417,30.50490750997059,1
2025-05-05 10:00:00,15.426351905794434,33.69307558268909,2765.0428585071595,29.762066508234525,1
2025-05-05 11:00:00,14.157709311832466,13.307003355111998,2350.481983913711,27.451737481419226,0
2025-05-05 12:00:00,12.809648116391278,11.182098357265186,1801.065451363383,26.4892683077673,0
2025-05-05 13:00:00,12.950309714766258,8.277089598365889,1710.7161163471997,28.313611459132634,0
2025-05-05 14:00:00,12.205549159427942,16.11326952949127,1938.8157678549417,25.301856419793236,0
2025-05-05 15:00:00,10.563539991973776,15.19995108708039,1401.8819913884008,23.25318288547393,0
2025-05-05 16:00:00,12.897180572304276,47.914014908776714,2288.4803073203725,25.61088386904573,0
2025-05-05 17:00:00,11.818345982283383,24.11590266560329,1878.2998658281,24.274753323049325,0
2025-05-05 18:00:00,10.476074917643881,3.7422518889977114,1298.195504295906,25.80713294877478,0
2025-05-05 19:00:00,11.056992357188163,4.126452042549422,1339.690423607932,24.39378613470985,0
2025-05-05 20:00:00,12.126880364901226,27.048472995367455,1724.9633303555777,24.37792200383046,0
2025-05-05 21:00:00,11.642281346430412,15.055871958332768,1654.8666502889303,26.710024626969883,0
2025-05-05 22:00:00,14.246912134927602,61.11536741448299,2590.96839322529,23.653840385955657,0
2025-05-05 23:00:00,15.575715499912869,60.98860124853775,2686.444346986541,25.521108099168735,1
